1	IronPickaxe	铁镐	Iron Pickaxe
2	DirtBlock	土块	Dirt Block
3	StoneBlock	石块	Stone Block
4	IronBroadsword	铁阔剑	Iron Broadsword
5	Mushroom	蘑菇	Mushroom
6	IronShortsword	铁短剑	Iron Shortsword
7	IronHammer	铁锤	Iron Hammer
8	Torch	火把	Torch
9	Wood	木材	Wood
10	IronAxe	铁斧	Iron Axe
11	IronOre	铁矿	Iron Ore
12	CopperOre	铜矿	Copper Ore
13	GoldOre	金矿	Gold Ore
14	SilverOre	银矿	Silver Ore
15	CopperWatch	铜表	Copper Watch
16	SilverWatch	银表	Silver Watch
17	GoldWatch	金表	Gold Watch
18	DepthMeter	深度计	Depth Meter
19	GoldBar	金锭	Gold Bar
20	CopperBar	铜锭	Copper Bar
21	SilverBar	银锭	Silver Bar
22	IronBar	铁锭	Iron Bar
23	Gel	凝胶	Gel
24	WoodenSword	木剑	Wooden Sword
25	WoodenDoor	木门	Wooden Door
26	StoneWall	石墙	Stone Wall
27	Acorn	橡实	Acorn
28	LesserHealingPotion	弱效治疗药水	Lesser Healing Potion
29	LifeCrystal	生命水晶	Life Crystal
30	DirtWall	土墙	Dirt Wall
31	Bottle	玻璃瓶	Bottle
32	WoodenTable	木桌	Wooden Table
33	Furnace	熔炉	Furnace
34	WoodenChair	木椅	Wooden Chair
35	IronAnvil	铁砧	Iron Anvil
36	WorkBench	工作台	Work Bench
37	Goggles	护目镜	Goggles
38	Lens	晶状体	Lens
39	WoodenBow	木弓	Wooden Bow
40	WoodenArrow	木箭	Wooden Arrow
41	FlamingArrow	烈焰箭	Flaming Arrow
42	Shuriken	手里剑	Shuriken
43	SuspiciousLookingEye	可疑眼球	Suspicious Looking Eye
44	DemonBow	恶魔弓	Demon Bow
45	WarAxeoftheNight	暗夜战斧	War Axe of the Night
46	LightsBane	魔光剑	Light's Bane
47	UnholyArrow	邪箭	Unholy Arrow
48	Chest	宝箱	Chest
49	BandofRegeneration	再生手环	Band of Regeneration
50	MagicMirror	魔镜	Magic Mirror
51	JestersArrow	小丑之箭	Jester's Arrow
52	AngelStatue	天使雕像	Angel Statue
53	CloudinaBottle	云朵瓶	Cloud in a Bottle
54	HermesBoots	赫尔墨斯靴	Hermes Boots
55	EnchantedBoomerang	附魔回旋镖	Enchanted Boomerang
56	DemoniteOre	魔矿	Demonite Ore
57	DemoniteBar	魔矿锭	Demonite Bar
58	Heart	心	Heart
59	CorruptSeeds	腐化种子	Corrupt Seeds
60	VileMushroom	魔菇	Vile Mushroom
61	EbonstoneBlock	黑檀石块	Ebonstone Block
62	GrassSeeds	草种子	Grass Seeds
63	Sunflower	向日葵	Sunflower
64	Vilethorn	魔刺	Vilethorn
65	Starfury	星怒	Starfury
66	PurificationPowder	净化粉	Purification Powder
67	VilePowder	魔粉	Vile Powder
68	RottenChunk	腐肉	Rotten Chunk
69	WormTooth	蠕虫毒牙	Worm Tooth
70	WormFood	蠕虫诱饵	Worm Food
71	CopperCoin	铜币	Copper Coin
72	SilverCoin	银币	Silver Coin
73	GoldCoin	金币	Gold Coin
74	PlatinumCoin	铂金币	Platinum Coin
75	FallenStar	坠落之星	Fallen Star
76	CopperGreaves	铜护胫	Copper Greaves
77	IronGreaves	铁护胫	Iron Greaves
78	SilverGreaves	银护胫	Silver Greaves
79	GoldGreaves	金护胫	Gold Greaves
80	CopperChainmail	铜链甲	Copper Chainmail
81	IronChainmail	铁链甲	Iron Chainmail
82	SilverChainmail	银链甲	Silver Chainmail
83	GoldChainmail	金链甲	Gold Chainmail
84	GrapplingHook	抓钩	Grappling Hook
85	Chain	链条	Chain
86	ShadowScale	暗影鳞片	Shadow Scale
87	PiggyBank	猪猪存钱罐	Piggy Bank
88	MiningHelmet	挖矿头盔	Mining Helmet
89	CopperHelmet	铜头盔	Copper Helmet
90	IronHelmet	铁头盔	Iron Helmet
91	SilverHelmet	银头盔	Silver Helmet
92	GoldHelmet	金头盔	Gold Helmet
93	WoodWall	木墙	Wood Wall
94	WoodPlatform	木平台	Wood Platform
95	FlintlockPistol	燧发枪	Flintlock Pistol
96	Musket	火枪	Musket
97	MusketBall	火枪子弹	Musket Ball
98	Minishark	迷你鲨	Minishark
99	IronBow	铁弓	Iron Bow
100	ShadowGreaves	暗影护胫	Shadow Greaves
101	ShadowScalemail	暗影鳞甲	Shadow Scalemail
102	ShadowHelmet	暗影头盔	Shadow Helmet
103	NightmarePickaxe	梦魇镐	Nightmare Pickaxe
104	TheBreaker	魔锤	The Breaker
105	Candle	蜡烛	Candle
106	CopperChandelier	铜吊灯	Copper Chandelier
107	SilverChandelier	银吊灯	Silver Chandelier
108	GoldChandelier	金吊灯	Gold Chandelier
109	ManaCrystal	魔力水晶	Mana Crystal
110	LesserManaPotion	弱效魔力药水	Lesser Mana Potion
111	BandofStarpower	星力手环	Band of Starpower
112	FlowerofFire	火之花	Flower of Fire
113	MagicMissile	魔法飞弹	Magic Missile
114	DirtRod	土魔杖	Dirt Rod
115	ShadowOrb	暗影珠	Shadow Orb
116	Meteorite	陨石	Meteorite
117	MeteoriteBar	陨石锭	Meteorite Bar
118	Hook	爪钩	Hook
119	Flamarang	烈焰回旋镖	Flamarang
120	MoltenFury	熔火之怒	Molten Fury
121	FieryGreatsword	火山	Volcano
122	MoltenPickaxe	熔岩镐	Molten Pickaxe
123	MeteorHelmet	流星头盔	Meteor Helmet
124	MeteorSuit	流星护甲	Meteor Suit
125	MeteorLeggings	流星护腿	Meteor Leggings
126	BottledWater	瓶装水	Bottled Water
127	SpaceGun	太空枪	Space Gun
128	RocketBoots	火箭靴	Rocket Boots
129	GrayBrick	灰砖	Gray Brick
130	GrayBrickWall	灰砖墙	Gray Brick Wall
131	RedBrick	红砖	Red Brick
132	RedBrickWall	红砖墙	Red Brick Wall
133	ClayBlock	粘土块	Clay Block
134	BlueBrick	蓝砖	Blue Brick
135	BlueBrickWall	蓝砖墙	Blue Brick Wall
136	ChainLantern	挂链灯笼	Chain Lantern
137	GreenBrick	绿砖	Green Brick
138	GreenBrickWall	绿砖墙	Green Brick Wall
139	PinkBrick	粉砖	Pink Brick
140	PinkBrickWall	粉砖墙	Pink Brick Wall
141	GoldBrick	金砖	Gold Brick
142	GoldBrickWall	金砖墙	Gold Brick Wall
143	SilverBrick	银砖	Silver Brick
144	SilverBrickWall	银砖墙	Silver Brick Wall
145	CopperBrick	铜砖	Copper Brick
146	CopperBrickWall	铜砖墙	Copper Brick Wall
147	Spike	尖刺	Spike
148	WaterCandle	水蜡烛	Water Candle
149	Book	书	Book
150	Cobweb	蛛网	Cobweb
151	NecroHelmet	死灵头盔	Necro Helmet
152	NecroBreastplate	死灵胸甲	Necro Breastplate
153	NecroGreaves	死灵护胫	Necro Greaves
154	Bone	骨头	Bone
155	Muramasa	村正	Muramasa
156	CobaltShield	钴护盾	Cobalt Shield
157	AquaScepter	海蓝权杖	Aqua Scepter
158	LuckyHorseshoe	幸运马掌	Lucky Horseshoe
159	ShinyRedBalloon	闪亮红气球	Shiny Red Balloon
160	Harpoon	鱼叉枪	Harpoon
161	SpikyBall	尖球	Spiky Ball
162	BallOHurt	链球	Ball O' Hurt
163	BlueMoon	蓝月	Blue Moon
164	Handgun	手枪	Handgun
165	WaterBolt	水矢	Water Bolt
166	Bomb	炸弹	Bomb
167	Dynamite	雷管	Dynamite
168	Grenade	手榴弹	Grenade
169	SandBlock	沙块	Sand Block
170	Glass	玻璃	Glass
171	Sign	标牌	Sign
172	AshBlock	灰烬块	Ash Block
173	Obsidian	黑曜石	Obsidian
174	Hellstone	狱石	Hellstone
175	HellstoneBar	狱石锭	Hellstone Bar
176	MudBlock	泥块	Mud Block
177	Sapphire	蓝玉	Sapphire
178	Ruby	红玉	Ruby
179	Emerald	翡翠	Emerald
180	Topaz	黄玉	Topaz
181	Amethyst	紫晶	Amethyst
182	Diamond	钻石	Diamond
183	GlowingMushroom	发光蘑菇	Glowing Mushroom
184	Star	星星	Star
185	IvyWhip	常春藤鞭	Ivy Whip
186	BreathingReed	芦苇呼吸管	Breathing Reed
187	Flipper	脚蹼	Flipper
188	HealingPotion	治疗药水	Healing Potion
189	ManaPotion	魔力药水	Mana Potion
190	BladeofGrass	草剑	Blade of Grass
191	ThornChakram	荆棘旋刃	Thorn Chakram
192	ObsidianBrick	黑曜石砖	Obsidian Brick
193	ObsidianSkull	黑曜石骷髅头	Obsidian Skull
194	MushroomGrassSeeds	蘑菇草种子	Mushroom Grass Seeds
195	JungleGrassSeeds	丛林草种子	Jungle Grass Seeds
196	WoodenHammer	木锤	Wooden Hammer
197	StarCannon	星星炮	Star Cannon
198	BluePhaseblade	蓝陨石光剑	Blue Phaseblade
199	RedPhaseblade	红陨石光剑	Red Phaseblade
200	GreenPhaseblade	绿陨石光剑	Green Phaseblade
201	PurplePhaseblade	紫陨石光剑	Purple Phaseblade
202	WhitePhaseblade	白陨石光剑	White Phaseblade
203	YellowPhaseblade	黄陨石光剑	Yellow Phaseblade
204	MeteorHamaxe	流星锤斧	Meteor Hamaxe
205	EmptyBucket	空桶	Empty Bucket
206	WaterBucket	水桶	Water Bucket
207	LavaBucket	熔岩桶	Lava Bucket
208	JungleRose	丛林玫瑰	Jungle Rose
209	Stinger	毒刺	Stinger
210	Vine	藤蔓	Vine
211	FeralClaws	猛爪手套	Feral Claws
212	AnkletoftheWind	疾风脚镯	Anklet of the Wind
213	StaffofRegrowth	再生法杖	Staff of Regrowth
214	HellstoneBrick	狱石砖	Hellstone Brick
215	WhoopieCushion	整蛊坐垫	Whoopie Cushion
216	Shackle	镣铐	Shackle
217	MoltenHamaxe	熔岩锤斧	Molten Hamaxe
218	Flamelash	烈焰火鞭	Flamelash
219	PhoenixBlaster	凤凰爆破枪	Phoenix Blaster
220	Sunfury	阳炎之怒	Sunfury
221	Hellforge	地狱熔炉	Hellforge
222	ClayPot	粘土盆	Clay Pot
223	NaturesGift	大自然的恩赐	Nature's Gift
224	Bed	床	Bed
225	Silk	丝绸	Silk
226	LesserRestorationPotion	弱效恢复药水	Lesser Restoration Potion
227	RestorationPotion	恢复药水	Restoration Potion
228	JungleHat	丛林帽	Jungle Hat
229	JungleShirt	丛林衣	Jungle Shirt
230	JunglePants	丛林裤	Jungle Pants
231	MoltenHelmet	熔岩头盔	Molten Helmet
232	MoltenBreastplate	熔岩胸甲	Molten Breastplate
233	MoltenGreaves	熔岩护胫	Molten Greaves
234	MeteorShot	流星弹	Meteor Shot
235	StickyBomb	粘性炸弹	Sticky Bomb
236	BlackLens	黑晶状体	Black Lens
237	Sunglasses	墨镜	Sunglasses
238	WizardHat	巫师帽	Wizard Hat
239	TopHat	高顶礼帽	Top Hat
240	TuxedoShirt	西装衣	Tuxedo Shirt
241	TuxedoPants	西装裤	Tuxedo Pants
242	SummerHat	夏日草帽	Summer Hat
243	BunnyHood	兔兔兜帽	Bunny Hood
244	PlumbersHat	管道工帽	Plumber's Hat
245	PlumbersShirt	管道工衣	Plumber's Shirt
246	PlumbersPants	管道工背带裤	Plumber's Pants
247	HerosHat	英雄帽	Hero's Hat
248	HerosShirt	英雄衣	Hero's Shirt
249	HerosPants	英雄裤	Hero's Pants
250	FishBowl	鱼缸	Fish Bowl
251	ArchaeologistsHat	考古帽	Archaeologist's Hat
252	ArchaeologistsJacket	考古夹克	Archaeologist's Jacket
253	ArchaeologistsPants	考古裤	Archaeologist's Pants
254	BlackThread	黑线	Black Thread
255	GreenThread	绿线	Green Thread
256	NinjaHood	忍者兜帽	Ninja Hood
257	NinjaShirt	忍者衣	Ninja Shirt
258	NinjaPants	忍者裤	Ninja Pants
259	Leather	皮革	Leather
260	RedHat	红帽	Red Hat
261	Goldfish	金鱼	Goldfish
262	Robe	长袍	Robe
263	RobotHat	机器人帽	Robot Hat
264	GoldCrown	金冠	Gold Crown
265	HellfireArrow	狱炎箭	Hellfire Arrow
266	Sandgun	沙枪	Sandgun
267	GuideVoodooDoll	向导巫毒娃娃	Guide Voodoo Doll
268	DivingHelmet	潜水头盔	Diving Helmet
269	FamiliarShirt	便装衣	Familiar Shirt
270	FamiliarPants	便装裤	Familiar Pants
271	FamiliarWig	便装假发	Familiar Wig
272	DemonScythe	恶魔之镰	Demon Scythe
273	NightsEdge	永夜刃	Night's Edge
274	DarkLance	暗黑长枪	Dark Lance
275	Coral	珊瑚	Coral
276	Cactus	仙人掌	Cactus
277	Trident	三叉戟	Trident
278	SilverBullet	银子弹	Silver Bullet
279	ThrowingKnife	投刀	Throwing Knife
280	Spear	长矛	Spear
281	Blowpipe	吹管	Blowpipe
282	Glowstick	荧光棒	Glowstick
283	Seed	种子	Seed
284	WoodenBoomerang	木回旋镖	Wooden Boomerang
285	Aglet	鞋带束头	Aglet
286	StickyGlowstick	粘性荧光棒	Sticky Glowstick
287	PoisonedKnife	毒刀	Poisoned Knife
288	ObsidianSkinPotion	黑曜石皮药水	Obsidian Skin Potion
289	RegenerationPotion	再生药水	Regeneration Potion
290	SwiftnessPotion	敏捷药水	Swiftness Potion
291	GillsPotion	鱼鳃药水	Gills Potion
292	IronskinPotion	铁皮药水	Ironskin Potion
293	ManaRegenerationPotion	魔力再生药水	Mana Regeneration Potion
294	MagicPowerPotion	魔能药水	Magic Power Potion
295	FeatherfallPotion	羽落药水	Featherfall Potion
296	SpelunkerPotion	洞穴探险药水	Spelunker Potion
297	InvisibilityPotion	隐身药水	Invisibility Potion
298	ShinePotion	光芒药水	Shine Potion
299	NightOwlPotion	夜猫子药水	Night Owl Potion
300	BattlePotion	战斗药水	Battle Potion
301	ThornsPotion	荆棘药水	Thorns Potion
302	WaterWalkingPotion	水上漂药水	Water Walking Potion
303	ArcheryPotion	箭术药水	Archery Potion
304	HunterPotion	狩猎药水	Hunter Potion
305	GravitationPotion	重力药水	Gravitation Potion
306	GoldChest	金箱	Gold Chest
307	DaybloomSeeds	太阳花种子	Daybloom Seeds
308	MoonglowSeeds	月光草种子	Moonglow Seeds
309	BlinkrootSeeds	闪耀根种子	Blinkroot Seeds
310	DeathweedSeeds	死亡草种子	Deathweed Seeds
311	WaterleafSeeds	水叶草种子	Waterleaf Seeds
312	FireblossomSeeds	火焰花种子	Fireblossom Seeds
313	Daybloom	太阳花	Daybloom
314	Moonglow	月光草	Moonglow
315	Blinkroot	闪耀根	Blinkroot
316	Deathweed	死亡草	Deathweed
317	Waterleaf	水叶草	Waterleaf
318	Fireblossom	火焰花	Fireblossom
319	SharkFin	鲨鱼鳍	Shark Fin
320	Feather	羽毛	Feather
321	Tombstone	墓石	Tombstone
322	MimeMask	丑角面具	Mime Mask
323	AntlionMandible	蚁狮上颚	Antlion Mandible
324	IllegalGunParts	非法枪械部件	Illegal Gun Parts
325	TheDoctorsShirt	博士衣	The Doctor's Shirt
326	TheDoctorsPants	博士裤	The Doctor's Pants
327	GoldenKey	金钥匙	Golden Key
328	ShadowChest	暗影箱	Shadow Chest
329	ShadowKey	暗影钥匙	Shadow Key
330	ObsidianBrickWall	黑曜石砖墙	Obsidian Brick Wall
331	JungleSpores	丛林孢子	Jungle Spores
332	Loom	织布机	Loom
333	Piano	钢琴	Piano
334	Dresser	梳妆台	Dresser
335	Bench	长椅	Bench
336	Bathtub	浴缸	Bathtub
337	RedBanner	红旗	Red Banner
338	GreenBanner	绿旗	Green Banner
339	BlueBanner	蓝旗	Blue Banner
340	YellowBanner	黄旗	Yellow Banner
341	LampPost	灯柱	Lamp Post
342	TikiTorch	提基火把	Tiki Torch
343	Barrel	桶	Barrel
344	ChineseLantern	中式灯笼	Chinese Lantern
345	CookingPot	烹饪锅	Cooking Pot
346	Safe	保险箱	Safe
347	SkullLantern	骷髅头灯笼	Skull Lantern
348	TrashCan	垃圾桶	Trash Can
349	Candelabra	烛台	Candelabra
350	PinkVase	粉花瓶	Pink Vase
351	Mug	玻璃杯	Mug
352	Keg	酒桶	Keg
353	Ale	麦芽酒	Ale
354	Bookcase	书架	Bookcase
355	Throne	王座	Throne
356	Bowl	碗	Bowl
357	BowlofSoup	鱼菇汤	Bowl of Soup
358	Toilet	马桶	Toilet
359	GrandfatherClock	落地大摆钟	Grandfather Clock
360	ArmorStatue	盔甲雕像	Armor Statue
361	GoblinBattleStandard	哥布林战旗	Goblin Battle Standard
362	TatteredCloth	破布	Tattered Cloth
363	Sawmill	锯木机	Sawmill
364	CobaltOre	钴矿	Cobalt Ore
365	MythrilOre	秘银矿	Mythril Ore
366	AdamantiteOre	精金矿	Adamantite Ore
367	Pwnhammer	神锤	Pwnhammer
368	Excalibur	断钢剑	Excalibur
369	HallowedSeeds	神圣种子	Hallowed Seeds
370	EbonsandBlock	黑檀沙块	Ebonsand Block
371	CobaltHat	钴帽	Cobalt Hat
372	CobaltHelmet	钴头盔	Cobalt Helmet
373	CobaltMask	钴面具	Cobalt Mask
374	CobaltBreastplate	钴胸甲	Cobalt Breastplate
375	CobaltLeggings	钴护腿	Cobalt Leggings
376	MythrilHood	秘银兜帽	Mythril Hood
377	MythrilHelmet	秘银头盔	Mythril Helmet
378	MythrilHat	秘银帽	Mythril Hat
379	MythrilChainmail	秘银链甲	Mythril Chainmail
380	MythrilGreaves	秘银护胫	Mythril Greaves
381	CobaltBar	钴锭	Cobalt Bar
382	MythrilBar	秘银锭	Mythril Bar
383	CobaltChainsaw	钴链锯	Cobalt Chainsaw
384	MythrilChainsaw	秘银链锯	Mythril Chainsaw
385	CobaltDrill	钴钻头	Cobalt Drill
386	MythrilDrill	秘银钻头	Mythril Drill
387	AdamantiteChainsaw	精金链锯	Adamantite Chainsaw
388	AdamantiteDrill	精金钻头	Adamantite Drill
389	DaoofPow	太极连枷	Dao of Pow
390	MythrilHalberd	秘银长戟	Mythril Halberd
391	AdamantiteBar	精金锭	Adamantite Bar
392	GlassWall	玻璃墙	Glass Wall
393	Compass	罗盘	Compass
394	DivingGear	潜水装备	Diving Gear
395	GPS	全球定位系统	GPS
396	ObsidianHorseshoe	黑曜石马掌	Obsidian Horseshoe
397	ObsidianShield	黑曜石护盾	Obsidian Shield
398	TinkerersWorkshop	工匠作坊	Tinkerer's Workshop
399	CloudinaBalloon	云朵气球	Cloud in a Balloon
400	AdamantiteHeadgear	精金头饰	Adamantite Headgear
401	AdamantiteHelmet	精金头盔	Adamantite Helmet
402	AdamantiteMask	精金面具	Adamantite Mask
403	AdamantiteBreastplate	精金胸甲	Adamantite Breastplate
404	AdamantiteLeggings	精金护腿	Adamantite Leggings
405	SpectreBoots	幽灵靴	Spectre Boots
406	AdamantiteGlaive	精金关刀	Adamantite Glaive
407	Toolbelt	工具腰带	Toolbelt
408	PearlsandBlock	珍珠沙块	Pearlsand Block
409	PearlstoneBlock	珍珠石块	Pearlstone Block
410	MiningShirt	挖矿衣	Mining Shirt
411	MiningPants	挖矿裤	Mining Pants
412	PearlstoneBrick	珍珠石砖	Pearlstone Brick
413	IridescentBrick	荧光砖	Iridescent Brick
414	MudstoneBlock	泥石砖	Mudstone Brick
415	CobaltBrick	钴砖	Cobalt Brick
416	MythrilBrick	秘银砖	Mythril Brick
417	PearlstoneBrickWall	珍珠石砖墙	Pearlstone Brick Wall
418	IridescentBrickWall	荧光砖墙	Iridescent Brick Wall
419	MudstoneBrickWall	泥石砖墙	Mudstone Brick Wall
420	CobaltBrickWall	钴砖墙	Cobalt Brick Wall
421	MythrilBrickWall	秘银砖墙	Mythril Brick Wall
422	HolyWater	圣水	Holy Water
423	UnholyWater	邪水	Unholy Water
424	SiltBlock	泥沙块	Silt Block
425	FairyBell	仙灵铃铛	Fairy Bell
426	BreakerBlade	毁灭刃	Breaker Blade
427	BlueTorch	蓝火把	Blue Torch
428	RedTorch	红火把	Red Torch
429	GreenTorch	绿火把	Green Torch
430	PurpleTorch	紫火把	Purple Torch
431	WhiteTorch	白火把	White Torch
432	YellowTorch	黄火把	Yellow Torch
433	DemonTorch	恶魔火把	Demon Torch
434	ClockworkAssaultRifle	发条式突击步枪	Clockwork Assault Rifle
435	CobaltRepeater	钴连弩	Cobalt Repeater
436	MythrilRepeater	秘银连弩	Mythril Repeater
437	DualHook	双钩	Dual Hook
438	StarStatue	星星雕像	Star Statue
439	SwordStatue	宝剑雕像	Sword Statue
440	SlimeStatue	史莱姆雕像	Slime Statue
441	GoblinStatue	哥布林雕像	Goblin Statue
442	ShieldStatue	护盾雕像	Shield Statue
443	BatStatue	蝙蝠雕像	Bat Statue
444	FishStatue	金鱼雕像	Fish Statue
445	BunnyStatue	兔兔雕像	Bunny Statue
446	SkeletonStatue	骷髅雕像	Skeleton Statue
447	ReaperStatue	死神雕像	Reaper Statue
448	WomanStatue	女人雕像	Woman Statue
449	ImpStatue	小鬼雕像	Imp Statue
450	GargoyleStatue	石像鬼雕像	Gargoyle Statue
451	GloomStatue	幽冥雕像	Gloom Statue
452	HornetStatue	黄蜂雕像	Hornet Statue
453	BombStatue	炸弹雕像	Bomb Statue
454	CrabStatue	螃蟹雕像	Crab Statue
455	HammerStatue	战锤雕像	Hammer Statue
456	PotionStatue	药水雕像	Potion Statue
457	SpearStatue	长矛雕像	Spear Statue
458	CrossStatue	十字架雕像	Cross Statue
459	JellyfishStatue	水母雕像	Jellyfish Statue
460	BowStatue	弓雕像	Bow Statue
461	BoomerangStatue	回旋镖雕像	Boomerang Statue
462	BootStatue	靴子雕像	Boot Statue
463	ChestStatue	宝箱雕像	Chest Statue
464	BirdStatue	鸟雕像	Bird Statue
465	AxeStatue	战斧雕像	Axe Statue
466	CorruptStatue	腐化雕像	Corrupt Statue
467	TreeStatue	树木雕像	Tree Statue
468	AnvilStatue	砧雕像	Anvil Statue
469	PickaxeStatue	镐雕像	Pickaxe Statue
470	MushroomStatue	蘑菇雕像	Mushroom Statue
471	EyeballStatue	魔眼雕像	Eyeball Statue
472	PillarStatue	石柱雕像	Pillar Statue
473	HeartStatue	心形雕像	Heart Statue
474	PotStatue	陶罐雕像	Pot Statue
475	SunflowerStatue	向日葵雕像	Sunflower Statue
476	KingStatue	国王雕像	King Statue
477	QueenStatue	女王雕像	Queen Statue
478	PiranhaStatue	食人鱼雕像	Piranha Statue
479	PlankedWall	板条墙	Planked Wall
480	WoodenBeam	木梁	Wooden Beam
481	AdamantiteRepeater	精金连弩	Adamantite Repeater
482	AdamantiteSword	精金剑	Adamantite Sword
483	CobaltSword	钴剑	Cobalt Sword
484	MythrilSword	秘银剑	Mythril Sword
485	MoonCharm	月光护身符	Moon Charm
486	Ruler	标尺	Ruler
487	CrystalBall	水晶球	Crystal Ball
488	DiscoBall	迪斯科球	Disco Ball
489	SorcererEmblem	巫士徽章	Sorcerer Emblem
490	WarriorEmblem	战士徽章	Warrior Emblem
491	RangerEmblem	游侠徽章	Ranger Emblem
492	DemonWings	恶魔之翼	Demon Wings
493	AngelWings	天使之翼	Angel Wings
494	MagicalHarp	魔法竖琴	Magical Harp
495	RainbowRod	彩虹魔杖	Rainbow Rod
496	IceRod	冰雪魔杖	Ice Rod
497	NeptunesShell	海神贝壳	Neptune's Shell
498	Mannequin	人体模型	Mannequin
499	GreaterHealingPotion	强效治疗药水	Greater Healing Potion
500	GreaterManaPotion	强效魔力药水	Greater Mana Potion
501	PixieDust	妖精尘	Pixie Dust
502	CrystalShard	水晶碎块	Crystal Shard
503	ClownHat	小丑帽	Clown Hat
504	ClownShirt	小丑衣	Clown Shirt
505	ClownPants	小丑裤	Clown Pants
506	Flamethrower	火焰喷射器	Flamethrower
507	Bell	铃铛	Bell
508	Harp	竖琴	Harp
509	Wrench	红扳手	Red Wrench
510	WireCutter	钢丝钳	Wire Cutter
511	ActiveStoneBlock	通电石块	Active Stone Block
512	InactiveStoneBlock	未通电石块	Inactive Stone Block
513	Lever	控制杆	Lever
514	LaserRifle	激光步枪	Laser Rifle
515	CrystalBullet	水晶子弹	Crystal Bullet
516	HolyArrow	圣箭	Holy Arrow
517	MagicDagger	魔法飞刀	Magic Dagger
518	CrystalStorm	水晶风暴	Crystal Storm
519	CursedFlames	诅咒焰	Cursed Flames
520	SoulofLight	光明之魂	Soul of Light
521	SoulofNight	暗影之魂	Soul of Night
522	CursedFlame	诅咒焰	Cursed Flame
523	CursedTorch	诅咒火把	Cursed Torch
524	AdamantiteForge	精金熔炉	Adamantite Forge
525	MythrilAnvil	秘银砧	Mythril Anvil
526	UnicornHorn	独角兽角	Unicorn Horn
527	DarkShard	暗黑碎块	Dark Shard
528	LightShard	光明碎块	Light Shard
529	RedPressurePlate	红压力板	Red Pressure Plate
530	Wire	电线	Wire
531	SpellTome	魔法书	Spell Tome
532	StarCloak	星星斗篷	Star Cloak
533	Megashark	巨兽鲨	Megashark
534	Shotgun	霰弹枪	Shotgun
535	PhilosophersStone	点金石	Philosopher's Stone
536	TitanGlove	泰坦手套	Titan Glove
537	CobaltNaginata	钴薙刀	Cobalt Naginata
538	Switch	开关	Switch
539	DartTrap	飞镖机关	Dart Trap
540	Boulder	巨石	Boulder
541	GreenPressurePlate	绿压力板	Green Pressure Plate
542	GrayPressurePlate	灰压力板	Gray Pressure Plate
543	BrownPressurePlate	棕压力板	Brown Pressure Plate
544	MechanicalEye	机械魔眼	Mechanical Eye
545	CursedArrow	诅咒箭	Cursed Arrow
546	CursedBullet	诅咒弹	Cursed Bullet
547	SoulofFright	恐惧之魂	Soul of Fright
548	SoulofMight	力量之魂	Soul of Might
549	SoulofSight	视域之魂	Soul of Sight
550	Gungnir	永恒之枪	Gungnir
551	HallowedPlateMail	神圣板甲	Hallowed Plate Mail
552	HallowedGreaves	神圣护胫	Hallowed Greaves
553	HallowedHelmet	神圣头盔	Hallowed Helmet
554	CrossNecklace	十字项链	Cross Necklace
555	ManaFlower	魔力花	Mana Flower
556	MechanicalWorm	机械蠕虫	Mechanical Worm
557	MechanicalSkull	机械骷髅头	Mechanical Skull
558	HallowedHeadgear	神圣头饰	Hallowed Headgear
559	HallowedMask	神圣面具	Hallowed Mask
560	SlimeCrown	史莱姆王冠	Slime Crown
561	LightDisc	光辉飞盘	Light Disc
562	MusicBoxOverworldDay	八音盒（地表世界）	Music Box (Overworld Day)
563	MusicBoxEerie	八音盒（恐惧）	Music Box (Eerie)
564	MusicBoxNight	八音盒（夜间）	Music Box (Night)
565	MusicBoxTitle	八音盒（标题）	Music Box (Title)
566	MusicBoxUnderground	八音盒（地下）	Music Box (Underground)
567	MusicBoxBoss1	八音盒（Boss 1）	Music Box (Boss 1)
568	MusicBoxJungle	八音盒（丛林）	Music Box (Jungle)
569	MusicBoxCorruption	八音盒（腐化之地）	Music Box (Corruption)
570	MusicBoxUndergroundCorruption	八音盒（地下腐化之地）	Music Box (Underground Corruption)
571	MusicBoxTheHallow	八音盒（神圣之地）	Music Box (The Hallow)
572	MusicBoxBoss2	八音盒（Boss 2）	Music Box (Boss 2)
573	MusicBoxUndergroundHallow	八音盒（地下神圣之地）	Music Box (Underground Hallow)
574	MusicBoxBoss3	八音盒（Boss 3）	Music Box (Boss 3)
575	SoulofFlight	飞翔之魂	Soul of Flight
576	MusicBox	八音盒	Music Box
577	DemoniteBrick	魔矿砖	Demonite Brick
578	HallowedRepeater	神圣连弩	Hallowed Repeater
579	Drax	斧钻	Drax
580	Explosives	炸药	Explosives
581	InletPump	入水泵	Inlet Pump
582	OutletPump	出水泵	Outlet Pump
583	Timer1Second	1秒计时器	1 Second Timer
584	Timer3Second	3秒计时器	3 Second Timer
585	Timer5Second	5秒计时器	5 Second Timer
586	CandyCaneBlock	糖棒块	Candy Cane Block
587	CandyCaneWall	糖棒墙	Candy Cane Wall
588	SantaHat	圣诞帽	Santa Hat
589	SantaShirt	圣诞衣	Santa Shirt
590	SantaPants	圣诞裤	Santa Pants
591	GreenCandyCaneBlock	绿糖棒块	Green Candy Cane Block
592	GreenCandyCaneWall	绿糖棒墙	Green Candy Cane Wall
593	SnowBlock	雪块	Snow Block
594	SnowBrick	雪砖	Snow Brick
595	SnowBrickWall	雪砖墙	Snow Brick Wall
596	BlueLight	蓝灯	Blue Light
597	RedLight	红灯	Red Light
598	GreenLight	绿灯	Green Light
599	BluePresent	蓝礼物	Blue Present
600	GreenPresent	绿礼物	Green Present
601	YellowPresent	黄礼物	Yellow Present
602	SnowGlobe	水晶雪球	Snow Globe
603	Carrot	胡萝卜	Carrot
604	AdamantiteBeam	精金梁	Adamantite Beam
605	AdamantiteBeamWall	精金梁墙	Adamantite Beam Wall
606	DemoniteBrickWall	魔矿砖墙	Demonite Brick Wall
607	SandstoneBrick	沙岩砖	Sandstone Brick
608	SandstoneBrickWall	沙岩砖墙	Sandstone Brick Wall
609	EbonstoneBrick	黑檀石砖	Ebonstone Brick
610	EbonstoneBrickWall	黑檀石砖墙	Ebonstone Brick Wall
611	RedStucco	红泥灰	Red Stucco
612	YellowStucco	黄泥灰	Yellow Stucco
613	GreenStucco	绿泥灰	Green Stucco
614	GrayStucco	灰泥灰	Gray Stucco
615	RedStuccoWall	红泥灰墙	Red Stucco Wall
616	YellowStuccoWall	黄泥灰墙	Yellow Stucco Wall
617	GreenStuccoWall	绿泥灰墙	Green Stucco Wall
618	GrayStuccoWall	灰泥灰墙	Gray Stucco Wall
619	Ebonwood	乌木	Ebonwood
620	RichMahogany	红木	Rich Mahogany
621	Pearlwood	珍珠木	Pearlwood
622	EbonwoodWall	乌木墙	Ebonwood Wall
623	RichMahoganyWall	红木墙	Rich Mahogany Wall
624	PearlwoodWall	珍珠木墙	Pearlwood Wall
625	EbonwoodChest	乌木箱	Ebonwood Chest
626	RichMahoganyChest	红木箱	Rich Mahogany Chest
627	PearlwoodChest	珍珠木箱	Pearlwood Chest
628	EbonwoodChair	乌木椅	Ebonwood Chair
629	RichMahoganyChair	红木椅	Rich Mahogany Chair
630	PearlwoodChair	珍珠木椅	Pearlwood Chair
631	EbonwoodPlatform	乌木平台	Ebonwood Platform
632	RichMahoganyPlatform	红木平台	Rich Mahogany Platform
633	PearlwoodPlatform	珍珠木平台	Pearlwood Platform
634	BonePlatform	骨头平台	Bone Platform
635	EbonwoodWorkBench	乌木工作台	Ebonwood Work Bench
636	RichMahoganyWorkBench	红木工作台	Rich Mahogany Work Bench
637	PearlwoodWorkBench	珍珠木工作台	Pearlwood Work Bench
638	EbonwoodTable	乌木桌	Ebonwood Table
639	RichMahoganyTable	红木桌	Rich Mahogany Table
640	PearlwoodTable	珍珠木桌	Pearlwood Table
641	EbonwoodPiano	乌木钢琴	Ebonwood Piano
642	RichMahoganyPiano	红木钢琴	Rich Mahogany Piano
643	PearlwoodPiano	珍珠木钢琴	Pearlwood Piano
644	EbonwoodBed	乌木床	Ebonwood Bed
645	RichMahoganyBed	红木床	Rich Mahogany Bed
646	PearlwoodBed	珍珠木床	Pearlwood Bed
647	EbonwoodDresser	乌木梳妆台	Ebonwood Dresser
648	RichMahoganyDresser	红木梳妆台	Rich Mahogany Dresser
649	PearlwoodDresser	珍珠木梳妆台	Pearlwood Dresser
650	EbonwoodDoor	乌木门	Ebonwood Door
651	RichMahoganyDoor	红木门	Rich Mahogany Door
652	PearlwoodDoor	珍珠木门	Pearlwood Door
653	EbonwoodSword	乌木剑	Ebonwood Sword
654	EbonwoodHammer	乌木锤	Ebonwood Hammer
655	EbonwoodBow	乌木弓	Ebonwood Bow
656	RichMahoganySword	红木剑	Rich Mahogany Sword
657	RichMahoganyHammer	红木锤	Rich Mahogany Hammer
658	RichMahoganyBow	红木弓	Rich Mahogany Bow
659	PearlwoodSword	珍珠木剑	Pearlwood Sword
660	PearlwoodHammer	珍珠木锤	Pearlwood Hammer
661	PearlwoodBow	珍珠木弓	Pearlwood Bow
662	RainbowBrick	彩虹砖	Rainbow Brick
663	RainbowBrickWall	彩虹砖墙	Rainbow Brick Wall
664	IceBlock	冰雪块	Ice Block
665	RedsWings	Red的翅膀	Red's Wings
666	RedsHelmet	Red的头盔	Red's Helmet
667	RedsBreastplate	Red的胸甲	Red's Breastplate
668	RedsLeggings	Red的护腿	Red's Leggings
669	Fish	鱼	Fish
670	IceBoomerang	冰雪回旋镖	Ice Boomerang
671	Keybrand	钥匙剑	Keybrand
672	Cutlass	短弯刀	Cutlass
673	BorealWoodWorkBench	针叶木工作台	Boreal Wood Work Bench
674	TrueExcalibur	真断钢剑	True Excalibur
675	TrueNightsEdge	真永夜刃	True Night's Edge
676	Frostbrand	寒霜剑	Frostbrand
677	BorealWoodTable	针叶木桌	Boreal Wood Table
678	RedPotion	红药水	Red Potion
679	TacticalShotgun	战术霰弹枪	Tactical Shotgun
680	IvyChest	常春藤箱	Ivy Chest
681	IceChest	冰冻箱	Frozen Chest
682	Marrow	骸骨弓	Marrow
683	UnholyTrident	邪恶三叉戟	Unholy Trident
684	FrostHelmet	寒霜头盔	Frost Helmet
685	FrostBreastplate	寒霜胸甲	Frost Breastplate
686	FrostLeggings	寒霜护腿	Frost Leggings
687	TinHelmet	锡头盔	Tin Helmet
688	TinChainmail	锡链甲	Tin Chainmail
689	TinGreaves	锡护胫	Tin Greaves
690	LeadHelmet	铅头盔	Lead Helmet
691	LeadChainmail	铅链甲	Lead Chainmail
692	LeadGreaves	铅护胫	Lead Greaves
693	TungstenHelmet	钨头盔	Tungsten Helmet
694	TungstenChainmail	钨链甲	Tungsten Chainmail
695	TungstenGreaves	钨护胫	Tungsten Greaves
696	PlatinumHelmet	铂金头盔	Platinum Helmet
697	PlatinumChainmail	铂金链甲	Platinum Chainmail
698	PlatinumGreaves	铂金护胫	Platinum Greaves
699	TinOre	锡矿	Tin Ore
700	LeadOre	铅矿	Lead Ore
701	TungstenOre	钨矿	Tungsten Ore
702	PlatinumOre	铂金矿	Platinum Ore
703	TinBar	锡锭	Tin Bar
704	LeadBar	铅锭	Lead Bar
705	TungstenBar	钨锭	Tungsten Bar
706	PlatinumBar	铂金锭	Platinum Bar
707	TinWatch	锡表	Tin Watch
708	TungstenWatch	钨表	Tungsten Watch
709	PlatinumWatch	铂金表	Platinum Watch
710	TinChandelier	锡吊灯	Tin Chandelier
711	TungstenChandelier	钨吊灯	Tungsten Chandelier
712	PlatinumChandelier	铂金吊灯	Platinum Chandelier
713	PlatinumCandle	铂金蜡烛	Platinum Candle
714	PlatinumCandelabra	铂金烛台	Platinum Candelabra
715	PlatinumCrown	铂金冠	Platinum Crown
716	LeadAnvil	铅砧	Lead Anvil
717	TinBrick	锡砖	Tin Brick
718	TungstenBrick	钨砖	Tungsten Brick
719	PlatinumBrick	铂金砖	Platinum Brick
720	TinBrickWall	锡砖墙	Tin Brick Wall
721	TungstenBrickWall	钨砖墙	Tungsten Brick Wall
722	PlatinumBrickWall	铂金砖墙	Platinum Brick Wall
723	BeamSword	光束剑	Beam Sword
724	IceBlade	冰雪刃	Ice Blade
725	IceBow	冰雪弓	Ice Bow
726	FrostStaff	寒霜法杖	Frost Staff
727	WoodHelmet	木头盔	Wood Helmet
728	WoodBreastplate	木胸甲	Wood Breastplate
729	WoodGreaves	木护胫	Wood Greaves
730	EbonwoodHelmet	乌木头盔	Ebonwood Helmet
731	EbonwoodBreastplate	乌木胸甲	Ebonwood Breastplate
732	EbonwoodGreaves	乌木护胫	Ebonwood Greaves
733	RichMahoganyHelmet	红木头盔	Rich Mahogany Helmet
734	RichMahoganyBreastplate	红木胸甲	Rich Mahogany Breastplate
735	RichMahoganyGreaves	红木护胫	Rich Mahogany Greaves
736	PearlwoodHelmet	珍珠木头盔	Pearlwood Helmet
737	PearlwoodBreastplate	珍珠木胸甲	Pearlwood Breastplate
738	PearlwoodGreaves	珍珠木护胫	Pearlwood Greaves
739	AmethystStaff	紫晶法杖	Amethyst Staff
740	TopazStaff	黄玉法杖	Topaz Staff
741	SapphireStaff	蓝玉法杖	Sapphire Staff
742	EmeraldStaff	翡翠法杖	Emerald Staff
743	RubyStaff	红玉法杖	Ruby Staff
744	DiamondStaff	钻石法杖	Diamond Staff
745	GrassWall	草墙	Grass Wall
746	JungleWall	丛林墙	Jungle Wall
747	FlowerWall	花墙	Flower Wall
748	Jetpack	喷气背包	Jetpack
749	ButterflyWings	蝴蝶之翼	Butterfly Wings
750	CactusWall	仙人掌墙	Cactus Wall
751	Cloud	云	Cloud
752	CloudWall	云墙	Cloud Wall
753	Seaweed	海草	Seaweed
754	RuneHat	符文帽	Rune Hat
755	RuneRobe	符文长袍	Rune Robe
756	MushroomSpear	蘑菇长矛	Mushroom Spear
757	TerraBlade	泰拉刃	Terra Blade
758	GrenadeLauncher	榴弹发射器	Grenade Launcher
759	RocketLauncher	火箭发射器	Rocket Launcher
760	ProximityMineLauncher	感应雷发射器	Proximity Mine Launcher
761	FairyWings	仙灵之翼	Fairy Wings
762	SlimeBlock	史莱姆块	Slime Block
763	FleshBlock	血肉块	Flesh Block
764	MushroomWall	蘑菇墙	Mushroom Wall
765	RainCloud	雨云	Rain Cloud
766	BoneBlock	骨块	Bone Block
767	FrozenSlimeBlock	冰冻史莱姆块	Frozen Slime Block
768	BoneBlockWall	骨块墙	Bone Block Wall
769	SlimeBlockWall	史莱姆块墙	Slime Block Wall
770	FleshBlockWall	血肉块墙	Flesh Block Wall
771	RocketI	火箭一型	Rocket I
772	RocketII	火箭二型	Rocket II
773	RocketIII	火箭三型	Rocket III
774	RocketIV	火箭四型	Rocket IV
775	AsphaltBlock	沥青块	Asphalt Block
776	CobaltPickaxe	钴镐	Cobalt Pickaxe
777	MythrilPickaxe	秘银镐	Mythril Pickaxe
778	AdamantitePickaxe	精金镐	Adamantite Pickaxe
779	Clentaminator	环境改造枪	Clentaminator
780	GreenSolution	绿溶液	Green Solution
781	BlueSolution	蓝溶液	Blue Solution
782	PurpleSolution	紫溶液	Purple Solution
783	DarkBlueSolution	深蓝溶液	Dark Blue Solution
784	RedSolution	红溶液	Red Solution
785	HarpyWings	鸟妖之翼	Harpy Wings
786	BoneWings	骨之翼	Bone Wings
787	Hammush	蘑菇锤	Hammush
788	NettleBurst	爆裂藤蔓	Nettle Burst
789	AnkhBanner	十字章旗	Ankh Banner
790	SnakeBanner	蛇旗	Snake Banner
791	OmegaBanner	欧米茄旗	Omega Banner
792	CrimsonHelmet	猩红头盔	Crimson Helmet
793	CrimsonScalemail	猩红鳞甲	Crimson Scalemail
794	CrimsonGreaves	猩红护胫	Crimson Greaves
795	BloodButcherer	血腥屠刀	Blood Butcherer
796	TendonBow	肌腱弓	Tendon Bow
797	FleshGrinder	血肉锤	Flesh Grinder
798	DeathbringerPickaxe	死亡使者镐	Deathbringer Pickaxe
799	BloodLustCluster	嗜血狂斧	Blood Lust Cluster
800	TheUndertaker	夺命枪	The Undertaker
801	TheMeatball	血肉之球	The Meatball
802	TheRottedFork	腐叉	The Rotted Fork
803	EskimoHood	防雪兜帽	Snow Hood
804	EskimoCoat	防雪大衣	Snow Coat
805	EskimoPants	防雪裤	Snow Pants
806	LivingWoodChair	生命木椅	Living Wood Chair
807	CactusChair	仙人掌椅	Cactus Chair
808	BoneChair	骨头椅	Bone Chair
809	FleshChair	血肉椅	Flesh Chair
810	MushroomChair	蘑菇椅	Mushroom Chair
811	BoneWorkBench	骨头工作台	Bone Work Bench
812	CactusWorkBench	仙人掌工作台	Cactus Work Bench
813	FleshWorkBench	血肉工作台	Flesh Work Bench
814	MushroomWorkBench	蘑菇工作台	Mushroom Work Bench
815	SlimeWorkBench	史莱姆工作台	Slime Work Bench
816	CactusDoor	仙人掌门	Cactus Door
817	FleshDoor	血肉门	Flesh Door
818	MushroomDoor	蘑菇门	Mushroom Door
819	LivingWoodDoor	生命木门	Living Wood Door
820	BoneDoor	骨头门	Bone Door
821	FlameWings	烈焰之翼	Flame Wings
822	FrozenWings	冰冻之翼	Frozen Wings
823	GhostWings	幽灵之翼	Spectre Wings
824	SunplateBlock	日盘块	Sunplate Block
825	DiscWall	飞盘墙	Disc Wall
826	SkywareChair	天域椅	Skyware Chair
827	BoneTable	骨头桌	Bone Table
828	FleshTable	血肉桌	Flesh Table
829	LivingWoodTable	生命木桌	Living Wood Table
830	SkywareTable	天域桌	Skyware Table
831	LivingWoodChest	生命木箱	Living Wood Chest
832	LivingWoodWand	生命木魔棒	Living Wood Wand
833	PurpleIceBlock	紫冰雪块	Purple Ice Block
834	PinkIceBlock	粉冰雪块	Pink Ice Block
835	RedIceBlock	红冰雪块	Red Ice Block
836	CrimstoneBlock	猩红石块	Crimstone Block
837	SkywareDoor	天域门	Skyware Door
838	SkywareChest	天域箱	Skyware Chest
839	SteampunkHat	蒸汽朋克帽	Steampunk Hat
840	SteampunkShirt	蒸汽朋克衣	Steampunk Shirt
841	SteampunkPants	蒸汽朋克裤	Steampunk Pants
842	BeeHat	蜜蜂帽	Bee Hat
843	BeeShirt	蜜蜂衣	Bee Shirt
844	BeePants	蜜蜂裤	Bee Pants
845	WorldBanner	世界旗	World Banner
846	SunBanner	太阳旗	Sun Banner
847	GravityBanner	重力旗	Gravity Banner
848	PharaohsMask	法老面具	Pharaoh's Mask
849	Actuator	致动器	Actuator
850	BlueWrench	蓝扳手	Blue Wrench
851	GreenWrench	绿扳手	Green Wrench
852	BluePressurePlate	蓝压力板	Blue Pressure Plate
853	YellowPressurePlate	黄压力板	Yellow Pressure Plate
854	DiscountCard	优惠卡	Discount Card
855	LuckyCoin	幸运币	Lucky Coin
856	UnicornonaStick	棒棒独角兽	Unicorn on a Stick
857	SandstorminaBottle	沙暴瓶	Sandstorm in a Bottle
858	BorealWoodSofa	针叶木沙发	Boreal Wood Sofa
859	BeachBall	沙滩球	Beach Ball
860	CharmofMyths	神话护身符	Charm of Myths
861	MoonShell	月亮贝壳	Moon Shell
862	StarVeil	星星面纱	Star Veil
863	WaterWalkingBoots	水上漂靴	Water Walking Boots
864	Tiara	头冠	Tiara
865	PrincessDress	公主裙	Princess Dress
866	PharaohsRobe	法老长袍	Pharaoh's Robe
867	GreenCap	绿帽	Green Cap
868	MushroomCap	蘑菇帽	Mushroom Cap
869	TamOShanter	苏格兰便帽	Tam O' Shanter
870	MummyMask	木乃伊面具	Mummy Mask
871	MummyShirt	木乃伊衣	Mummy Shirt
872	MummyPants	木乃伊裤	Mummy Pants
873	CowboyHat	牛仔帽	Cowboy Hat
874	CowboyJacket	牛仔夹克	Cowboy Jacket
875	CowboyPants	牛仔裤	Cowboy Pants
876	PirateHat	海盗帽	Pirate Hat
877	PirateShirt	海盗衣	Pirate Shirt
878	PiratePants	海盗裤	Pirate Pants
879	VikingHelmet	维京海盗头盔	Viking Helmet
880	CrimtaneOre	猩红矿	Crimtane Ore
881	CactusSword	仙人掌剑	Cactus Sword
882	CactusPickaxe	仙人掌镐	Cactus Pickaxe
883	IceBrick	冰雪砖	Ice Brick
884	IceBrickWall	冰雪砖墙	Ice Brick Wall
885	AdhesiveBandage	粘性绷带	Adhesive Bandage
886	ArmorPolish	盔甲抛光剂	Armor Polish
887	Bezoar	牛黄	Bezoar
888	Blindfold	蒙眼布	Blindfold
889	FastClock	快走时钟	Fast Clock
890	Megaphone	扩音器	Megaphone
891	Nazar	邪眼	Nazar
892	Vitamins	维生素	Vitamins
893	TrifoldMap	三折地图	Trifold Map
894	CactusHelmet	仙人掌头盔	Cactus Helmet
895	CactusBreastplate	仙人掌胸甲	Cactus Breastplate
896	CactusLeggings	仙人掌护腿	Cactus Leggings
897	PowerGlove	强力手套	Power Glove
898	LightningBoots	闪电靴	Lightning Boots
899	SunStone	太阳石	Sun Stone
900	MoonStone	月亮石	Moon Stone
901	ArmorBracing	盔甲背带	Armor Bracing
902	MedicatedBandage	药用绷带	Medicated Bandage
903	ThePlan	计划书	The Plan
904	CountercurseMantra	反诅咒咒语	Countercurse Mantra
905	CoinGun	钱币枪	Coin Gun
906	LavaCharm	熔岩护身符	Lava Charm
907	ObsidianWaterWalkingBoots	黑曜石水上漂靴	Obsidian Water Walking Boots
908	LavaWaders	熔岩靴	Lava Waders
909	PureWaterFountain	纯净喷泉	Pure Water Fountain
910	DesertWaterFountain	沙漠喷泉	Desert Water Fountain
911	Shadewood	暗影木	Shadewood
912	ShadewoodDoor	暗影木门	Shadewood Door
913	ShadewoodPlatform	暗影木平台	Shadewood Platform
914	ShadewoodChest	暗影木箱	Shadewood Chest
915	ShadewoodChair	暗影木椅	Shadewood Chair
916	ShadewoodWorkBench	暗影木工作台	Shadewood Work Bench
917	ShadewoodTable	暗影木桌	Shadewood Table
918	ShadewoodDresser	暗影木梳妆台	Shadewood Dresser
919	ShadewoodPiano	暗影木钢琴	Shadewood Piano
920	ShadewoodBed	暗影木床	Shadewood Bed
921	ShadewoodSword	暗影木剑	Shadewood Sword
922	ShadewoodHammer	暗影木锤	Shadewood Hammer
923	ShadewoodBow	暗影木弓	Shadewood Bow
924	ShadewoodHelmet	暗影木头盔	Shadewood Helmet
925	ShadewoodBreastplate	暗影木胸甲	Shadewood Breastplate
926	ShadewoodGreaves	暗影木护胫	Shadewood Greaves
927	ShadewoodWall	暗影木墙	Shadewood Wall
928	Cannon	大炮	Cannon
929	Cannonball	炮弹	Cannonball
930	FlareGun	信号枪	Flare Gun
931	Flare	照明弹	Flare
932	BoneWand	白骨魔棒	Bone Wand
933	LeafWand	树叶魔棒	Leaf Wand
934	FlyingCarpet	飞毯	Flying Carpet
935	AvengerEmblem	复仇者徽章	Avenger Emblem
936	MechanicalGlove	机械手套	Mechanical Glove
937	LandMine	地雷	Land Mine
938	PaladinsShield	圣骑士护盾	Paladin's Shield
939	WebSlinger	蛛丝吊索	Web Slinger
940	JungleWaterFountain	丛林喷泉	Jungle Water Fountain
941	IcyWaterFountain	冰雪喷泉	Icy Water Fountain
942	CorruptWaterFountain	腐化喷泉	Corrupt Water Fountain
943	CrimsonWaterFountain	猩红喷泉	Crimson Water Fountain
944	HallowedWaterFountain	神圣喷泉	Hallowed Water Fountain
945	BloodWaterFountain	血水喷泉	Blood Water Fountain
946	Umbrella	伞	Umbrella
947	ChlorophyteOre	叶绿矿	Chlorophyte Ore
948	SteampunkWings	蒸汽朋克之翼	Steampunk Wings
949	Snowball	雪球	Snowball
950	IceSkates	溜冰鞋	Ice Skates
951	SnowballLauncher	雪球发射器	Snowball Launcher
952	WebCoveredChest	蛛丝箱	Web Covered Chest
953	ClimbingClaws	攀爬爪	Climbing Claws
954	AncientIronHelmet	远古铁头盔	Ancient Iron Helmet
955	AncientGoldHelmet	远古金头盔	Ancient Gold Helmet
956	AncientShadowHelmet	远古暗影头盔	Ancient Shadow Helmet
957	AncientShadowScalemail	远古暗影鳞甲	Ancient Shadow Scalemail
958	AncientShadowGreaves	远古暗影护胫	Ancient Shadow Greaves
959	AncientNecroHelmet	远古死灵头盔	Ancient Necro Helmet
960	AncientCobaltHelmet	远古钴头盔	Ancient Cobalt Helmet
961	AncientCobaltBreastplate	远古钴胸甲	Ancient Cobalt Breastplate
962	AncientCobaltLeggings	远古钴护腿	Ancient Cobalt Leggings
963	BlackBelt	黑腰带	Black Belt
964	Boomstick	三发猎枪	Boomstick
965	Rope	绳	Rope
966	Campfire	篝火	Campfire
967	Marshmallow	棉花糖	Marshmallow
968	MarshmallowonaStick	棒棒棉花糖	Marshmallow on a Stick
969	CookedMarshmallow	熟棉花糖	Cooked Marshmallow
970	RedRocket	红火箭	Red Rocket
971	GreenRocket	绿火箭	Green Rocket
972	BlueRocket	蓝火箭	Blue Rocket
973	YellowRocket	黄火箭	Yellow Rocket
974	IceTorch	冰雪火把	Ice Torch
975	ShoeSpikes	鞋钉	Shoe Spikes
976	TigerClimbingGear	猛虎攀爬装备	Tiger Climbing Gear
977	Tabi	分趾厚底袜	Tabi
978	PinkEskimoHood	粉色防雪兜帽	Pink Snow Hood
979	PinkEskimoCoat	粉色防雪大衣	Pink Snow Coat
980	PinkEskimoPants	粉色防雪裤	Pink Snow Pants
981	PinkThread	粉线	Pink Thread
982	ManaRegenerationBand	魔力再生手环	Mana Regeneration Band
983	SandstorminaBalloon	沙暴气球	Sandstorm in a Balloon
984	MasterNinjaGear	忍者大师装备	Master Ninja Gear
985	RopeCoil	绳圈	Rope Coil
986	Blowgun	吹箭筒	Blowgun
987	BlizzardinaBottle	暴雪瓶	Blizzard in a Bottle
988	FrostburnArrow	霜冻箭	Frostburn Arrow
989	EnchantedSword	附魔剑	Enchanted Sword
990	PickaxeAxe	镐斧	Pickaxe Axe
991	CobaltWaraxe	钴战斧	Cobalt Waraxe
992	MythrilWaraxe	秘银战斧	Mythril Waraxe
993	AdamantiteWaraxe	精金战斧	Adamantite Waraxe
994	EatersBone	吞噬怪骨头	Eater's Bone
995	BlendOMatic	搅拌机	Blend-O-Matic
996	MeatGrinder	绞肉机	Meat Grinder
997	Extractinator	提炼机	Extractinator
998	Solidifier	固化机	Solidifier
999	Amber	琥珀	Amber
1000	ConfettiGun	彩纸枪	Confetti Gun
1001	ChlorophyteMask	叶绿面具	Chlorophyte Mask
1002	ChlorophyteHelmet	叶绿头盔	Chlorophyte Helmet
1003	ChlorophyteHeadgear	叶绿头饰	Chlorophyte Headgear
1004	ChlorophytePlateMail	叶绿板甲	Chlorophyte Plate Mail
1005	ChlorophyteGreaves	叶绿护胫	Chlorophyte Greaves
1006	ChlorophyteBar	叶绿锭	Chlorophyte Bar
1007	RedDye	红染料	Red Dye
1008	OrangeDye	橙染料	Orange Dye
1009	YellowDye	黄染料	Yellow Dye
1010	LimeDye	橙绿染料	Lime Dye
1011	GreenDye	绿染料	Green Dye
1012	TealDye	青绿染料	Teal Dye
1013	CyanDye	青染料	Cyan Dye
1014	SkyBlueDye	天蓝染料	Sky Blue Dye
1015	BlueDye	蓝染料	Blue Dye
1016	PurpleDye	紫染料	Purple Dye
1017	VioletDye	蓝紫染料	Violet Dye
1018	PinkDye	粉染料	Pink Dye
1019	RedandBlackDye	红黑染料	Red and Black Dye
1020	OrangeandBlackDye	橙黑染料	Orange and Black Dye
1021	YellowandBlackDye	黄黑染料	Yellow and Black Dye
1022	LimeandBlackDye	橙绿黑染料	Lime and Black Dye
1023	GreenandBlackDye	绿黑染料	Green and Black Dye
1024	TealandBlackDye	青绿黑染料	Teal and Black Dye
1025	CyanandBlackDye	青黑染料	Cyan and Black Dye
1026	SkyBlueandBlackDye	天蓝黑染料	Sky Blue and Black Dye
1027	BlueandBlackDye	蓝黑染料	Blue and Black Dye
1028	PurpleandBlackDye	紫黑染料	Purple and Black Dye
1029	VioletandBlackDye	蓝紫黑染料	Violet and Black Dye
1030	PinkandBlackDye	粉黑染料	Pink and Black Dye
1031	FlameDye	红焰染料	Flame Dye
1032	FlameAndBlackDye	红焰黑染料	Flame and Black Dye
1033	GreenFlameDye	绿焰染料	Green Flame Dye
1034	GreenFlameAndBlackDye	绿焰黑染料	Green Flame and Black Dye
1035	BlueFlameDye	蓝焰染料	Blue Flame Dye
1036	BlueFlameAndBlackDye	蓝焰黑染料	Blue Flame and Black Dye
1037	SilverDye	银染料	Silver Dye
1038	BrightRedDye	淡红染料	Bright Red Dye
1039	BrightOrangeDye	淡橙染料	Bright Orange Dye
1040	BrightYellowDye	淡黄染料	Bright Yellow Dye
1041	BrightLimeDye	淡橙绿染料	Bright Lime Dye
1042	BrightGreenDye	淡绿染料	Bright Green Dye
1043	BrightTealDye	淡青绿染料	Bright Teal Dye
1044	BrightCyanDye	淡青染料	Bright Cyan Dye
1045	BrightSkyBlueDye	淡天蓝染料	Bright Sky Blue Dye
1046	BrightBlueDye	淡蓝染料	Bright Blue Dye
1047	BrightPurpleDye	淡紫染料	Bright Purple Dye
1048	BrightVioletDye	淡蓝紫染料	Bright Violet Dye
1049	BrightPinkDye	淡粉染料	Bright Pink Dye
1050	BlackDye	黑染料	Black Dye
1051	RedandSilverDye	红银染料	Red and Silver Dye
1052	OrangeandSilverDye	橙银染料	Orange and Silver Dye
1053	YellowandSilverDye	黄银染料	Yellow and Silver Dye
1054	LimeandSilverDye	橙绿银染料	Lime and Silver Dye
1055	GreenandSilverDye	绿银染料	Green and Silver Dye
1056	TealandSilverDye	青绿银染料	Teal and Silver Dye
1057	CyanandSilverDye	青银染料	Cyan and Silver Dye
1058	SkyBlueandSilverDye	天蓝银染料	Sky Blue and Silver Dye
1059	BlueandSilverDye	蓝银染料	Blue and Silver Dye
1060	PurpleandSilverDye	紫银染料	Purple and Silver Dye
1061	VioletandSilverDye	蓝紫银染料	Violet and Silver Dye
1062	PinkandSilverDye	粉银染料	Pink and Silver Dye
1063	IntenseFlameDye	亮红焰染料	Intense Flame Dye
1064	IntenseGreenFlameDye	亮绿焰染料	Intense Green Flame Dye
1065	IntenseBlueFlameDye	亮蓝焰染料	Intense Blue Flame Dye
1066	RainbowDye	彩虹染料	Rainbow Dye
1067	IntenseRainbowDye	亮彩虹染料	Intense Rainbow Dye
1068	YellowGradientDye	渐变黄染料	Yellow Gradient Dye
1069	CyanGradientDye	渐变青染料	Cyan Gradient Dye
1070	VioletGradientDye	渐变蓝紫染料	Violet Gradient Dye
1071	Paintbrush	漆刷	Paintbrush
1072	PaintRoller	涂漆滚刷	Paint Roller
1073	RedPaint	红漆	Red Paint
1074	OrangePaint	橙漆	Orange Paint
1075	YellowPaint	黄漆	Yellow Paint
1076	LimePaint	橙绿漆	Lime Paint
1077	GreenPaint	绿漆	Green Paint
1078	TealPaint	青绿漆	Teal Paint
1079	CyanPaint	青漆	Cyan Paint
1080	SkyBluePaint	天蓝漆	Sky Blue Paint
1081	BluePaint	蓝漆	Blue Paint
1082	PurplePaint	紫漆	Purple Paint
1083	VioletPaint	蓝紫漆	Violet Paint
1084	PinkPaint	粉漆	Pink Paint
1085	DeepRedPaint	深红漆	Deep Red Paint
1086	DeepOrangePaint	深橙漆	Deep Orange Paint
1087	DeepYellowPaint	深黄漆	Deep Yellow Paint
1088	DeepLimePaint	深橙绿漆	Deep Lime Paint
1089	DeepGreenPaint	深绿漆	Deep Green Paint
1090	DeepTealPaint	深青绿漆	Deep Teal Paint
1091	DeepCyanPaint	深青漆	Deep Cyan Paint
1092	DeepSkyBluePaint	深天蓝漆	Deep Sky Blue Paint
1093	DeepBluePaint	深蓝漆	Deep Blue Paint
1094	DeepPurplePaint	深紫漆	Deep Purple Paint
1095	DeepVioletPaint	深蓝紫漆	Deep Violet Paint
1096	DeepPinkPaint	深粉漆	Deep Pink Paint
1097	BlackPaint	黑漆	Black Paint
1098	WhitePaint	白漆	White Paint
1099	GrayPaint	灰漆	Gray Paint
1100	PaintScraper	漆铲	Paint Scraper
1101	LihzahrdBrick	丛林蜥蜴砖	Lihzahrd Brick
1102	LihzahrdBrickWall	丛林蜥蜴砖墙	Lihzahrd Brick Wall
1103	SlushBlock	雪泥块	Slush Block
1104	PalladiumOre	钯金矿	Palladium Ore
1105	OrichalcumOre	山铜矿	Orichalcum Ore
1106	TitaniumOre	钛金矿	Titanium Ore
1107	TealMushroom	青绿蘑菇	Teal Mushroom
1108	GreenMushroom	绿蘑菇	Green Mushroom
1109	SkyBlueFlower	天蓝花朵	Sky Blue Flower
1110	YellowMarigold	黄万寿菊	Yellow Marigold
1111	BlueBerries	蓝浆果	Blue Berries
1112	LimeKelp	橙绿海藻	Lime Kelp
1113	PinkPricklyPear	粉仙人掌果	Pink Prickly Pear
1114	OrangeBloodroot	橙血根草	Orange Bloodroot
1115	RedHusk	红外壳	Red Husk
1116	CyanHusk	青外壳	Cyan Husk
1117	VioletHusk	蓝紫外壳	Violet Husk
1118	PurpleMucos	紫黏液	Purple Mucus
1119	BlackInk	黑墨水	Black Ink
1120	DyeVat	染缸	Dye Vat
1121	BeeGun	蜜蜂枪	Bee Gun
1122	PossessedHatchet	疯狂飞斧	Possessed Hatchet
1123	BeeKeeper	养蜂人	Bee Keeper
1124	Hive	蜂巢	Hive
1125	HoneyBlock	蜂蜜块	Honey Block
1126	HiveWall	蜂巢墙	Hive Wall
1127	CrispyHoneyBlock	松脆蜂蜜块	Crispy Honey Block
1128	HoneyBucket	蜂蜜桶	Honey Bucket
1129	HiveWand	蜂巢魔棒	Hive Wand
1130	Beenade	蜜蜂手榴弹	Beenade
1131	GravityGlobe	重力球	Gravity Globe
1132	HoneyComb	蜂窝	Honey Comb
1133	Abeemination	憎恶之蜂	Abeemination
1134	BottledHoney	瓶装蜂蜜	Bottled Honey
1135	RainHat	雨帽	Rain Hat
1136	RainCoat	雨衣	Rain Coat
1137	LihzahrdDoor	丛林蜥蜴门	Lihzahrd Door
1138	DungeonDoor	地牢门	Dungeon Door
1139	LeadDoor	铅门	Lead Door
1140	IronDoor	铁门	Iron Door
1141	TempleKey	神庙钥匙	Temple Key
1142	LihzahrdChest	丛林蜥蜴箱	Lihzahrd Chest
1143	LihzahrdChair	丛林蜥蜴椅	Lihzahrd Chair
1144	LihzahrdTable	丛林蜥蜴桌	Lihzahrd Table
1145	LihzahrdWorkBench	丛林蜥蜴工作台	Lihzahrd Work Bench
1146	SuperDartTrap	超级飞镖机关	Super Dart Trap
1147	FlameTrap	烈焰机关	Flame Trap
1148	SpikyBallTrap	尖球机关	Spiky Ball Trap
1149	SpearTrap	长矛机关	Spear Trap
1150	WoodenSpike	木尖刺	Wooden Spike
1151	LihzahrdPressurePlate	丛林蜥蜴压力板	Lihzahrd Pressure Plate
1152	LihzahrdStatue	丛林蜥蜴雕像	Lihzahrd Statue
1153	LihzahrdWatcherStatue	丛林蜥蜴看守人雕像	Lihzahrd Watcher Statue
1154	LihzahrdGuardianStatue	丛林蜥蜴守卫雕像	Lihzahrd Guardian Statue
1155	WaspGun	胡蜂枪	Wasp Gun
1156	PiranhaGun	食人鱼枪	Piranha Gun
1157	PygmyStaff	矮人法杖	Pygmy Staff
1158	PygmyNecklace	矮人项链	Pygmy Necklace
1159	TikiMask	提基面具	Tiki Mask
1160	TikiShirt	提基衣	Tiki Shirt
1161	TikiPants	提基裤	Tiki Pants
1162	LeafWings	叶之翼	Leaf Wings
1163	BlizzardinaBalloon	暴雪气球	Blizzard in a Balloon
1164	BundleofBalloons	气球束	Bundle of Balloons
1165	BatWings	蝙蝠之翼	Bat Wings
1166	BoneSword	骨剑	Bone Sword
1167	HerculesBeetle	大力士甲虫	Hercules Beetle
1168	SmokeBomb	烟雾弹	Smoke Bomb
1169	BoneKey	骨头钥匙	Bone Key
1170	Nectar	花蜜	Nectar
1171	TikiTotem	提基图腾	Tiki Totem
1172	LizardEgg	蜥蜴蛋	Lizard Egg
1173	GraveMarker	墓石碑	Grave Marker
1174	CrossGraveMarker	十字墓石碑	Cross Grave Marker
1175	Headstone	碑石	Headstone
1176	Gravestone	墓碑	Gravestone
1177	Obelisk	方尖碑	Obelisk
1178	LeafBlower	吹叶机	Leaf Blower
1179	ChlorophyteBullet	叶绿弹	Chlorophyte Bullet
1180	ParrotCracker	鹦鹉饼干	Parrot Cracker
1181	StrangeGlowingMushroom	奇异发光蘑菇	Strange Glowing Mushroom
1182	Seedling	幼苗	Seedling
1183	WispinaBottle	妖灵瓶	Wisp in a Bottle
1184	PalladiumBar	钯金锭	Palladium Bar
1185	PalladiumSword	钯金剑	Palladium Sword
1186	PalladiumPike	钯金刺矛	Palladium Pike
1187	PalladiumRepeater	钯金连弩	Palladium Repeater
1188	PalladiumPickaxe	钯金镐	Palladium Pickaxe
1189	PalladiumDrill	钯金钻头	Palladium Drill
1190	PalladiumChainsaw	钯金链锯	Palladium Chainsaw
1191	OrichalcumBar	山铜锭	Orichalcum Bar
1192	OrichalcumSword	山铜剑	Orichalcum Sword
1193	OrichalcumHalberd	山铜长戟	Orichalcum Halberd
1194	OrichalcumRepeater	山铜连弩	Orichalcum Repeater
1195	OrichalcumPickaxe	山铜镐	Orichalcum Pickaxe
1196	OrichalcumDrill	山铜钻头	Orichalcum Drill
1197	OrichalcumChainsaw	山铜链锯	Orichalcum Chainsaw
1198	TitaniumBar	钛金锭	Titanium Bar
1199	TitaniumSword	钛金剑	Titanium Sword
1200	TitaniumTrident	钛金三叉戟	Titanium Trident
1201	TitaniumRepeater	钛金连弩	Titanium Repeater
1202	TitaniumPickaxe	钛金镐	Titanium Pickaxe
1203	TitaniumDrill	钛金钻头	Titanium Drill
1204	TitaniumChainsaw	钛金链锯	Titanium Chainsaw
1205	PalladiumMask	钯金面具	Palladium Mask
1206	PalladiumHelmet	钯金头盔	Palladium Helmet
1207	PalladiumHeadgear	钯金头饰	Palladium Headgear
1208	PalladiumBreastplate	钯金胸甲	Palladium Breastplate
1209	PalladiumLeggings	钯金护腿	Palladium Leggings
1210	OrichalcumMask	山铜面具	Orichalcum Mask
1211	OrichalcumHelmet	山铜头盔	Orichalcum Helmet
1212	OrichalcumHeadgear	山铜头饰	Orichalcum Headgear
1213	OrichalcumBreastplate	山铜胸甲	Orichalcum Breastplate
1214	OrichalcumLeggings	山铜护腿	Orichalcum Leggings
1215	TitaniumMask	钛金面具	Titanium Mask
1216	TitaniumHelmet	钛金头盔	Titanium Helmet
1217	TitaniumHeadgear	钛金头饰	Titanium Headgear
1218	TitaniumBreastplate	钛金胸甲	Titanium Breastplate
1219	TitaniumLeggings	钛金护腿	Titanium Leggings
1220	OrichalcumAnvil	山铜砧	Orichalcum Anvil
1221	TitaniumForge	钛金熔炉	Titanium Forge
1222	PalladiumWaraxe	钯金战斧	Palladium Waraxe
1223	OrichalcumWaraxe	山铜战斧	Orichalcum Waraxe
1224	TitaniumWaraxe	钛金战斧	Titanium Waraxe
1225	HallowedBar	神圣锭	Hallowed Bar
1226	ChlorophyteClaymore	叶绿双刃刀	Chlorophyte Claymore
1227	ChlorophyteSaber	叶绿军刀	Chlorophyte Saber
1228	ChlorophytePartisan	叶绿镋	Chlorophyte Partisan
1229	ChlorophyteShotbow	叶绿连弩	Chlorophyte Shotbow
1230	ChlorophytePickaxe	叶绿镐	Chlorophyte Pickaxe
1231	ChlorophyteDrill	叶绿钻头	Chlorophyte Drill
1232	ChlorophyteChainsaw	叶绿链锯	Chlorophyte Chainsaw
1233	ChlorophyteGreataxe	叶绿巨斧	Chlorophyte Greataxe
1234	ChlorophyteWarhammer	叶绿战锤	Chlorophyte Warhammer
1235	ChlorophyteArrow	叶绿箭	Chlorophyte Arrow
1236	AmethystHook	紫晶钩	Amethyst Hook
1237	TopazHook	黄玉钩	Topaz Hook
1238	SapphireHook	蓝玉钩	Sapphire Hook
1239	EmeraldHook	翡翠钩	Emerald Hook
1240	RubyHook	红玉钩	Ruby Hook
1241	DiamondHook	钻石钩	Diamond Hook
1242	AmberMosquito	蚊子琥珀	Amber Mosquito
1243	UmbrellaHat	伞帽	Umbrella Hat
1244	NimbusRod	雨云魔杖	Nimbus Rod
1245	OrangeTorch	橙火把	Orange Torch
1246	CrimsandBlock	猩红沙块	Crimsand Block
1247	BeeCloak	蜜蜂斗篷	Bee Cloak
1248	EyeoftheGolem	石巨人之眼	Eye of the Golem
1249	HoneyBalloon	蜂蜜气球	Honey Balloon
1250	BlueHorseshoeBalloon	蓝马掌气球	Blue Horseshoe Balloon
1251	WhiteHorseshoeBalloon	白马掌气球	White Horseshoe Balloon
1252	YellowHorseshoeBalloon	黄马掌气球	Yellow Horseshoe Balloon
1253	FrozenTurtleShell	冰冻海龟壳	Frozen Turtle Shell
1254	SniperRifle	狙击步枪	Sniper Rifle
1255	VenusMagnum	维纳斯万能枪	Venus Magnum
1256	CrimsonRod	猩红魔杖	Crimson Rod
1257	CrimtaneBar	猩红矿锭	Crimtane Bar
1258	Stynger	毒刺发射器	Stynger
1259	FlowerPow	花之力	Flower Pow
1260	RainbowGun	彩虹枪	Rainbow Gun
1261	StyngerBolt	毒刺矢	Stynger Bolt
1262	ChlorophyteJackhammer	叶绿手提钻	Chlorophyte Jackhammer
1263	Teleporter	传送机	Teleporter
1264	FlowerofFrost	寒霜之花	Flower of Frost
1265	Uzi	乌兹冲锋枪	Uzi
1266	MagnetSphere	磁球	Magnet Sphere
1267	PurpleStainedGlass	紫花窗玻璃	Purple Stained Glass
1268	YellowStainedGlass	黄花窗玻璃	Yellow Stained Glass
1269	BlueStainedGlass	蓝花窗玻璃	Blue Stained Glass
1270	GreenStainedGlass	绿花窗玻璃	Green Stained Glass
1271	RedStainedGlass	红花窗玻璃	Red Stained Glass
1272	MulticoloredStainedGlass	五彩花窗玻璃	Multicolored Stained Glass
1273	SkeletronHand	骷髅王之手	Skeletron Hand
1274	Skull	骷髅头	Skull
1275	BallaHat	巴拉帽	Balla Hat
1276	GangstaHat	黑帮帽	Gangsta Hat
1277	SailorHat	水手帽	Sailor Hat
1278	EyePatch	眼罩	Eye Patch
1279	SailorShirt	水手衣	Sailor Shirt
1280	SailorPants	水手裤	Sailor Pants
1281	SkeletronMask	骷髅王面具	Skeletron Mask
1282	AmethystRobe	紫晶长袍	Amethyst Robe
1283	TopazRobe	黄玉长袍	Topaz Robe
1284	SapphireRobe	蓝玉长袍	Sapphire Robe
1285	EmeraldRobe	翡翠长袍	Emerald Robe
1286	RubyRobe	红玉长袍	Ruby Robe
1287	DiamondRobe	钻石长袍	Diamond Robe
1288	WhiteTuxedoShirt	白西装衣	White Tuxedo Shirt
1289	WhiteTuxedoPants	白西装裤	White Tuxedo Pants
1290	PanicNecklace	恐慌项链	Panic Necklace
1291	LifeFruit	生命果	Life Fruit
1292	LihzahrdAltar	丛林蜥蜴祭坛	Lihzahrd Altar
1293	LihzahrdPowerCell	丛林蜥蜴电池	Lihzahrd Power Cell
1294	Picksaw	锯刃镐	Picksaw
1295	HeatRay	高温射线枪	Heat Ray
1296	StaffofEarth	大地法杖	Staff of Earth
1297	GolemFist	石巨人之拳	Golem Fist
1298	WaterChest	水中箱	Water Chest
1299	Binoculars	双筒望远镜	Binoculars
1300	RifleScope	步枪瞄准镜	Rifle Scope
1301	DestroyerEmblem	毁灭者徽章	Destroyer Emblem
1302	HighVelocityBullet	高速子弹	High Velocity Bullet
1303	JellyfishNecklace	水母项链	Jellyfish Necklace
1304	ZombieArm	僵尸臂	Zombie Arm
1305	TheAxe	吉他斧	The Axe
1306	IceSickle	冰雪镰刀	Ice Sickle
1307	ClothierVoodooDoll	服装商巫毒娃娃	Clothier Voodoo Doll
1308	PoisonStaff	剧毒法杖	Poison Staff
1309	SlimeStaff	史莱姆法杖	Slime Staff
1310	PoisonDart	毒镖	Poison Dart
1311	EyeSpring	弹簧眼	Eye Spring
1312	ToySled	玩具雪橇	Toy Sled
1313	BookofSkulls	骷髅头法书	Book of Skulls
1314	KOCannon	致胜炮	KO Cannon
1315	PirateMap	海盗地图	Pirate Map
1316	TurtleHelmet	海龟头盔	Turtle Helmet
1317	TurtleScaleMail	海龟铠甲	Turtle Scale Mail
1318	TurtleLeggings	海龟护腿	Turtle Leggings
1319	SnowballCannon	雪球炮	Snowball Cannon
1320	BonePickaxe	骨镐	Bone Pickaxe
1321	MagicQuiver	魔法箭袋	Magic Quiver
1322	MagmaStone	岩浆石	Magma Stone
1323	ObsidianRose	黑曜石玫瑰	Obsidian Rose
1324	Bananarang	香蕉回旋镖	Bananarang
1325	ChainKnife	链刀	Chain Knife
1326	RodofDiscord	混沌传送杖、混沌杖	Rod of Discord
1327	DeathSickle	死神镰刀	Death Sickle
1328	TurtleShell	海龟壳	Turtle Shell
1329	TissueSample	组织样本	Tissue Sample
1330	Vertebrae	椎骨	Vertebra
1331	BloodySpine	血腥脊椎	Bloody Spine
1332	Ichor	灵液	Ichor
1333	IchorTorch	灵液火把	Ichor Torch
1334	IchorArrow	灵液箭	Ichor Arrow
1335	IchorBullet	灵液弹	Ichor Bullet
1336	GoldenShower	黄金雨	Golden Shower
1337	BunnyCannon	兔兔炮	Bunny Cannon
1338	ExplosiveBunny	爆炸兔	Explosive Bunny
1339	VialofVenom	小瓶毒液	Vial of Venom
1340	FlaskofVenom	毒液药剂	Flask of Venom
1341	VenomArrow	毒液箭	Venom Arrow
1342	VenomBullet	毒液弹	Venom Bullet
1343	FireGauntlet	烈火手套	Fire Gauntlet
1344	Cog	齿轮	Cog
1345	Confetti	彩纸	Confetti
1346	Nanites	纳米机器人	Nanites
1347	ExplosivePowder	爆炸粉	Explosive Powder
1348	GoldDust	金尘	Gold Dust
1349	PartyBullet	派对弹	Party Bullet
1350	NanoBullet	纳米弹	Nano Bullet
1351	ExplodingBullet	爆破弹	Exploding Bullet
1352	GoldenBullet	金子弹	Golden Bullet
1353	FlaskofCursedFlames	诅咒焰药剂	Flask of Cursed Flames
1354	FlaskofFire	烈火药剂	Flask of Fire
1355	FlaskofGold	金药剂	Flask of Gold
1356	FlaskofIchor	灵液药剂	Flask of Ichor
1357	FlaskofNanites	纳米机器人药剂	Flask of Nanites
1358	FlaskofParty	派对药剂	Flask of Party
1359	FlaskofPoison	毒药剂	Flask of Poison
1360	EyeofCthulhuTrophy	克苏鲁之眼纪念章	Eye of Cthulhu Trophy
1361	EaterofWorldsTrophy	世界吞噬怪纪念章	Eater of Worlds Trophy
1362	BrainofCthulhuTrophy	克苏鲁之脑纪念章	Brain of Cthulhu Trophy
1363	SkeletronTrophy	骷髅王纪念章	Skeletron Trophy
1364	QueenBeeTrophy	蜂王纪念章	Queen Bee Trophy
1365	WallofFleshTrophy	血肉墙纪念章	Wall of Flesh Trophy
1366	DestroyerTrophy	毁灭者纪念章	Destroyer Trophy
1367	SkeletronPrimeTrophy	机械骷髅王纪念章	Skeletron Prime Trophy
1368	RetinazerTrophy	激光眼纪念章	Retinazer Trophy
1369	SpazmatismTrophy	魔焰眼纪念章	Spazmatism Trophy
1370	PlanteraTrophy	世纪之花纪念章	Plantera Trophy
1371	GolemTrophy	石巨人纪念章	Golem Trophy
1372	BloodMoonRising	血月升空	Blood Moon Rising
1373	TheHangedMan	上吊的人	The Hanged Man
1374	GloryoftheFire	烈火荣耀	Glory of the Fire
1375	BoneWarp	扭曲的骨头	Bone Warp
1376	WallSkeleton	壁挂骷髅	Wall Skeleton
1377	HangingSkeleton	吊挂骷髅	Hanging Skeleton
1378	BlueSlabWall	蓝板墙	Blue Slab Wall
1379	BlueTiledWall	蓝瓷砖墙	Blue Tiled Wall
1380	PinkSlabWall	粉板墙	Pink Slab Wall
1381	PinkTiledWall	粉瓷砖墙	Pink Tiled Wall
1382	GreenSlabWall	绿板墙	Green Slab Wall
1383	GreenTiledWall	绿瓷砖墙	Green Tiled Wall
1384	BlueBrickPlatform	蓝砖平台	Blue Brick Platform
1385	PinkBrickPlatform	粉砖平台	Pink Brick Platform
1386	GreenBrickPlatform	绿砖平台	Green Brick Platform
1387	MetalShelf	金属架	Metal Shelf
1388	BrassShelf	黄铜架	Brass Shelf
1389	WoodShelf	木架	Wood Shelf
1390	BrassLantern	黄铜灯笼	Brass Lantern
1391	CagedLantern	笼式灯笼	Caged Lantern
1392	CarriageLantern	马车灯笼	Carriage Lantern
1393	AlchemyLantern	炼金灯笼	Alchemy Lantern
1394	DiablostLamp	魔教徒灯	Diabolist Lamp
1395	OilRagSconse	油布烛台	Oil Rag Sconce
1396	BlueDungeonChair	蓝地牢椅	Blue Dungeon Chair
1397	BlueDungeonTable	蓝地牢桌	Blue Dungeon Table
1398	BlueDungeonWorkBench	蓝地牢工作台	Blue Dungeon Work Bench
1399	GreenDungeonChair	绿地牢椅	Green Dungeon Chair
1400	GreenDungeonTable	绿地牢桌	Green Dungeon Table
1401	GreenDungeonWorkBench	绿地牢工作台	Green Dungeon Work Bench
1402	PinkDungeonChair	粉地牢椅	Pink Dungeon Chair
1403	PinkDungeonTable	粉地牢桌	Pink Dungeon Table
1404	PinkDungeonWorkBench	粉地牢工作台	Pink Dungeon Work Bench
1405	BlueDungeonCandle	蓝地牢蜡烛	Blue Dungeon Candle
1406	GreenDungeonCandle	绿地牢蜡烛	Green Dungeon Candle
1407	PinkDungeonCandle	粉地牢蜡烛	Pink Dungeon Candle
1408	BlueDungeonVase	蓝地牢花瓶	Blue Dungeon Vase
1409	GreenDungeonVase	绿地牢花瓶	Green Dungeon Vase
1410	PinkDungeonVase	粉地牢花瓶	Pink Dungeon Vase
1411	BlueDungeonDoor	蓝地牢门	Blue Dungeon Door
1412	GreenDungeonDoor	绿地牢门	Green Dungeon Door
1413	PinkDungeonDoor	粉地牢门	Pink Dungeon Door
1414	BlueDungeonBookcase	蓝地牢书架	Blue Dungeon Bookcase
1415	GreenDungeonBookcase	绿地牢书架	Green Dungeon Bookcase
1416	PinkDungeonBookcase	粉地牢书架	Pink Dungeon Bookcase
1417	Catacomb	地下墓穴	Catacomb
1418	DungeonShelf	地牢架	Dungeon Shelf
1419	SkellingtonJSkellingsworth	骷髅杰克	Skellington J Skellingsworth
1420	TheCursedMan	被诅咒的人	The Cursed Man
1421	TheEyeSeestheEnd	最后一眼	The Eye Sees the End
1422	SomethingEvilisWatchingYou	恶魔注视	Something Evil is Watching You
1423	TheTwinsHaveAwoken	苏醒的双子魔眼	The Twins Have Awoken
1424	TheScreamer	呐喊者	The Screamer
1425	GoblinsPlayingPoker	哥布林打扑克牌	Goblins Playing Poker
1426	Dryadisque	树妖女	Dryadisque
1427	Sunflowers	向日葵	Sunflowers
1428	TerrarianGothic	泰拉哥特式	Terrarian Gothic
1429	Beanie	小便帽	Beanie
1430	ImbuingStation	灌注站	Imbuing Station
1431	StarinaBottle	星星瓶	Star in a Bottle
1432	EmptyBullet	空心子弹	Empty Bullet
1433	Impact	碰撞	Impact
1434	PoweredbyBirds	鸟力驱动	Powered by Birds
1435	TheDestroyer	毁灭者	The Destroyer
1436	ThePersistencyofEyes	眼睛的永恒	The Persistency of Eyes
1437	UnicornCrossingtheHallows	独角兽穿越神圣之地	Unicorn Crossing the Hallows
1438	GreatWave	浪里	Great Wave
1439	StarryNight	星空	Starry Night
1440	GuidePicasso	向导毕加索	Guide Picasso
1441	TheGuardiansGaze	守卫凝视	The Guardian's Gaze
1442	FatherofSomeone	某人之父	Father of Someone
1443	NurseLisa	护士丽莎	Nurse Lisa
1444	ShadowbeamStaff	暗影束法杖	Shadowbeam Staff
1445	InfernoFork	狱火叉	Inferno Fork
1446	SpectreStaff	幽灵法杖	Spectre Staff
1447	WoodenFence	木栅栏	Wooden Fence
1448	LeadFence	铅栅栏	Lead Fence
1449	BubbleMachine	泡泡机	Bubble Machine
1450	BubbleWand	泡泡魔棒	Bubble Wand
1451	MarchingBonesBanner	骷髅行军旗	Marching Bones Banner
1452	NecromanticSign	死灵标旗	Necromantic Sign
1453	RustedCompanyStandard	锈蚀连队旗	Rusted Company Standard
1454	RaggedBrotherhoodSigil	褴褛兄弟会旗	Ragged Brotherhood Sigil
1455	MoltenLegionFlag	熔火军团旗	Molten Legion Flag
1456	DiabolicSigil	恶魔纹章旗	Diabolic Sigil
1457	ObsidianPlatform	黑曜石平台	Obsidian Platform
1458	ObsidianDoor	黑曜石门	Obsidian Door
1459	ObsidianChair	黑曜石椅	Obsidian Chair
1460	ObsidianTable	黑曜石桌	Obsidian Table
1461	ObsidianWorkBench	黑曜石工作台	Obsidian Work Bench
1462	ObsidianVase	黑曜石花瓶	Obsidian Vase
1463	ObsidianBookcase	黑曜石书架	Obsidian Bookcase
1464	HellboundBanner	地狱之界旗	Hellbound Banner
1465	HellHammerBanner	地狱之锤旗	Hell Hammer Banner
1466	HelltowerBanner	地狱之塔旗	Helltower Banner
1467	LostHopesofManBanner	绝望人旗	Lost Hopes of Man Banner
1468	ObsidianWatcherBanner	黑曜石看守人旗	Obsidian Watcher Banner
1469	LavaEruptsBanner	熔岩喷液旗	Lava Erupts Banner
1470	BlueDungeonBed	蓝地牢床	Blue Dungeon Bed
1471	GreenDungeonBed	绿地牢床	Green Dungeon Bed
1472	PinkDungeonBed	粉地牢床	Pink Dungeon Bed
1473	ObsidianBed	黑曜石床	Obsidian Bed
1474	Waldo	沃尔多	Waldo
1475	Darkness	黑暗	Darkness
1476	DarkSoulReaper	暗魂死神	Dark Soul Reaper
1477	Land	大地	Land
1478	TrappedGhost	受困鬼魂	Trapped Ghost
1479	DemonsEye	恶魔眼	Demon's Eye
1480	FindingGold	淘金	Finding Gold
1481	FirstEncounter	初次邂逅	First Encounter
1482	GoodMorning	早安	Good Morning
1483	UndergroundReward	地下馈赠	Underground Reward
1484	ThroughtheWindow	窗外	Through the Window
1485	PlaceAbovetheClouds	云之上	Place Above the Clouds
1486	DoNotStepontheGrass	请勿践踏草坪	Do Not Step on the Grass
1487	ColdWatersintheWhiteLand	冰雪寒溪	Cold Waters in the White Land
1488	LightlessChasms	阴暗幽谷	Lightless Chasms
1489	TheLandofDeceivingLooks	浮华假象的大地	The Land of Deceiving Looks
1490	Daylight	天光	Daylight
1491	SecretoftheSands	沙的秘密	Secret of the Sands
1492	DeadlandComesAlive	死地复生	Deadland Comes Alive
1493	EvilPresence	恶灵现世	Evil Presence
1494	SkyGuardian	天空守卫	Sky Guardian
1495	AmericanExplosive	美国爆炸式	American Explosive
1496	Discover	探索	Discover
1497	HandEarth	大地之手	Hand Earth
1498	OldMiner	老矿工	Old Miner
1499	Skelehead	骨蛇之头	Skelehead
1500	FacingtheCerebralMastermind	直面幕后大脑	Facing the Cerebral Mastermind
1501	LakeofFire	火湖	Lake of Fire
1502	TrioSuperHeroes	超级英雄三剑客	Trio Super Heroes
1503	SpectreHood	幽灵兜帽	Spectre Hood
1504	SpectreRobe	幽灵长袍	Spectre Robe
1505	SpectrePants	幽灵裤	Spectre Pants
1506	SpectrePickaxe	幽灵镐	Spectre Pickaxe
1507	SpectreHamaxe	幽灵锤斧	Spectre Hamaxe
1508	Ectoplasm	灵气	Ectoplasm
1509	GothicChair	哥特椅	Gothic Chair
1510	GothicTable	哥特桌	Gothic Table
1511	GothicWorkBench	哥特工作台	Gothic Work Bench
1512	GothicBookcase	哥特书架	Gothic Bookcase
1513	PaladinsHammer	圣骑士锤	Paladin's Hammer
1514	SWATHelmet	特战头盔	SWAT Helmet
1515	BeeWings	蜜蜂之翼	Bee Wings
1516	GiantHarpyFeather	巨型鸟妖之羽	Giant Harpy Feather
1517	BoneFeather	骨之羽	Bone Feather
1518	FireFeather	火羽	Fire Feather
1519	IceFeather	冰雪羽	Ice Feather
1520	BrokenBatWing	破蝙蝠之翼	Broken Bat Wing
1521	TatteredBeeWing	褴褛蜜蜂之翼	Tattered Bee Wing
1522	LargeAmethyst	大紫晶	Large Amethyst
1523	LargeTopaz	大黄玉	Large Topaz
1524	LargeSapphire	大蓝玉	Large Sapphire
1525	LargeEmerald	大翡翠	Large Emerald
1526	LargeRuby	大红玉	Large Ruby
1527	LargeDiamond	大钻石	Large Diamond
1528	JungleChest	丛林箱	Jungle Chest
1529	CorruptionChest	腐化箱	Corruption Chest
1530	CrimsonChest	猩红箱	Crimson Chest
1531	HallowedChest	神圣箱	Hallowed Chest
1532	FrozenChest	冰雪箱	Ice Chest
1533	JungleKey	丛林钥匙	Jungle Key
1534	CorruptionKey	腐化钥匙	Corruption Key
1535	CrimsonKey	猩红钥匙	Crimson Key
1536	HallowedKey	神圣钥匙	Hallowed Key
1537	FrozenKey	冰冻钥匙	Frozen Key
1538	ImpFace	小鬼脸	Imp Face
1539	OminousPresence	凶兆	Ominous Presence
1540	ShiningMoon	闪亮月亮	Shining Moon
1541	LivingGore	血肉之躯	Living Gore
1542	FlowingMagma	岩浆漫流	Flowing Magma
1543	SpectrePaintbrush	幽灵漆刷	Spectre Paintbrush
1544	SpectrePaintRoller	幽灵涂漆滚刷	Spectre Paint Roller
1545	SpectrePaintScraper	幽灵漆铲	Spectre Paint Scraper
1546	ShroomiteHeadgear	蘑菇矿头饰	Shroomite Headgear
1547	ShroomiteMask	蘑菇矿面具	Shroomite Mask
1548	ShroomiteHelmet	蘑菇矿头盔	Shroomite Helmet
1549	ShroomiteBreastplate	蘑菇矿胸甲	Shroomite Breastplate
1550	ShroomiteLeggings	蘑菇矿护腿	Shroomite Leggings
1551	Autohammer	自动锤炼机	Autohammer
1552	ShroomiteBar	蘑菇矿锭	Shroomite Bar
1553	SDMG	太空海豚机枪	S.D.M.G.
1554	CenxsTiara	Cenx的头冠	Cenx's Tiara
1555	CenxsBreastplate	Cenx的胸甲	Cenx's Breastplate
1556	CenxsLeggings	Cenx的护腿	Cenx's Leggings
1557	CrownosMask	Crowno的面具	Crowno's Mask
1558	CrownosBreastplate	Crowno的胸甲	Crowno's Breastplate
1559	CrownosLeggings	Crowno的护腿	Crowno's Leggings
1560	WillsHelmet	Will的头盔	Will's Helmet
1561	WillsBreastplate	Will的胸甲	Will's Breastplate
1562	WillsLeggings	Will的护腿	Will's Leggings
1563	JimsHelmet	Jim的头盔	Jim's Helmet
1564	JimsBreastplate	Jim的胸甲	Jim's Breastplate
1565	JimsLeggings	Jim的护腿	Jim's Leggings
1566	AaronsHelmet	Aaron的头盔	Aaron's Helmet
1567	AaronsBreastplate	Aaron的胸甲	Aaron's Breastplate
1568	AaronsLeggings	Aaron的护腿	Aaron's Leggings
1569	VampireKnives	吸血鬼刀	Vampire Knives
1570	BrokenHeroSword	断裂英雄剑	Broken Hero Sword
1571	ScourgeoftheCorruptor	腐化者之戟	Scourge of the Corruptor
1572	StaffoftheFrostHydra	寒霜九头蛇法杖	Staff of the Frost Hydra
1573	TheCreationoftheGuide	创造向导	The Creation of the Guide
1574	TheMerchant	商人	The Merchant
1575	CrownoDevoursHisLunch	Crowno吞噬其餐	Crowno Devours His Lunch
1576	RareEnchantment	罕见魔法	Rare Enchantment
1577	GloriousNight	荣耀之夜	Glorious Night
1578	SweetheartNecklace	甜心项链	Sweetheart Necklace
1579	FlurryBoots	疾风雪靴	Flurry Boots
1580	DTownsHelmet	D-Town的头盔	D-Town's Helmet
1581	DTownsBreastplate	D-Town的胸甲	D-Town's Breastplate
1582	DTownsLeggings	D-Town的护腿	D-Town's Leggings
1583	DTownsWings	D-Town的翅膀	D-Town's Wings
1584	WillsWings	Will的翅膀	Will's Wings
1585	CrownosWings	Crowno的翅膀	Crowno's Wings
1586	CenxsWings	Cenx的翅膀	Cenx's Wings
1587	CenxsDress	Cenx的上衣	Cenx's Dress
1588	CenxsDressPants	Cenx的裤装	Cenx's Dress Pants
1589	PalladiumColumn	钯金柱	Palladium Column
1590	PalladiumColumnWall	钯金柱墙	Palladium Column Wall
1591	BubblegumBlock	泡泡糖块	Bubblegum Block
1592	BubblegumBlockWall	泡泡糖块墙	Bubblegum Block Wall
1593	TitanstoneBlock	钛石块	Titanstone Block
1594	TitanstoneBlockWall	钛石块墙	Titanstone Block Wall
1595	MagicCuffs	魔法手铐	Magic Cuffs
1596	MusicBoxSnow	八音盒（雪原）	Music Box (Snow)
1597	MusicBoxSpace	八音盒（太空夜晚）	Music Box (Space Night)
1598	MusicBoxCrimson	八音盒（猩红之地）	Music Box (Crimson)
1599	MusicBoxBoss4	八音盒（Boss 4）	Music Box (Boss 4)
1600	MusicBoxAltOverworldDay	八音盒（地表世界备选曲）	Music Box (Alt Overworld Day)
1601	MusicBoxRain	八音盒（雨）	Music Box (Rain)
1602	MusicBoxIce	八音盒（冰雪）	Music Box (Ice)
1603	MusicBoxDesert	八音盒（沙漠）	Music Box (Desert)
1604	MusicBoxOcean	八音盒（海洋白天）	Music Box (Ocean Day)
1605	MusicBoxDungeon	八音盒（地牢）	Music Box (Dungeon)
1606	MusicBoxPlantera	八音盒（世纪之花）	Music Box (Plantera)
1607	MusicBoxBoss5	八音盒（Boss 5）	Music Box (Boss 5)
1608	MusicBoxTemple	八音盒（神庙）	Music Box (Temple)
1609	MusicBoxEclipse	八音盒（日食）	Music Box (Eclipse)
1610	MusicBoxMushrooms	八音盒（蘑菇）	Music Box (Mushrooms)
1611	ButterflyDust	蝴蝶尘	Butterfly Dust
1612	AnkhCharm	十字章护身符	Ankh Charm
1613	AnkhShield	十字章护盾	Ankh Shield
1614	BlueFlare	蓝照明弹	Blue Flare
1615	AnglerFishBanner	琵琶鱼旗	Angler Fish Banner
1616	AngryNimbusBanner	愤怒雨云怪旗	Angry Nimbus Banner
1617	AnomuraFungusBanner	歪尾真菌旗	Anomura Fungus Banner
1618	AntlionBanner	蚁狮旗	Antlion Banner
1619	ArapaimaBanner	巨骨舌鱼旗	Arapaima Banner
1620	ArmoredSkeletonBanner	装甲骷髅旗	Armored Skeleton Banner
1621	BatBanner	洞穴蝙蝠旗	Cave Bat Banner
1622	BirdBanner	鸟旗	Bird Banner
1623	BlackRecluseBanner	黑隐士旗	Black Recluse Banner
1624	BloodFeederBanner	嗜血怪旗	Blood Feeder Banner
1625	BloodJellyBanner	血水母旗	Blood Jelly Banner
1626	BloodCrawlerBanner	血爬虫旗	Blood Crawler Banner
1627	BoneSerpentBanner	骨蛇旗	Bone Serpent Banner
1628	BunnyBanner	兔兔旗	Bunny Banner
1629	ChaosElementalBanner	混沌精旗	Chaos Elemental Banner
1630	MimicBanner	宝箱怪旗	Mimic Banner
1631	ClownBanner	小丑旗	Clown Banner
1632	CorruptBunnyBanner	腐化兔兔旗	Corrupt Bunny Banner
1633	CorruptGoldfishBanner	腐化金鱼旗	Corrupt Goldfish Banner
1634	CrabBanner	螃蟹旗	Crab Banner
1635	CrimeraBanner	猩红喀迈拉旗	Crimera Banner
1636	CrimsonAxeBanner	猩红斧旗	Crimson Axe Banner
1637	CursedHammerBanner	诅咒锤旗	Cursed Hammer Banner
1638	DemonBanner	恶魔旗	Demon Banner
1639	DemonEyeBanner	恶魔眼旗	Demon Eye Banner
1640	DerplingBanner	跳跳兽旗	Derpling Banner
1641	EaterofSoulsBanner	噬魂怪旗	Eater of Souls Banner
1642	EnchantedSwordBanner	附魔剑旗	Enchanted Sword Banner
1643	ZombieEskimoBanner	冰冻僵尸旗	Frozen Zombie Banner
1644	FaceMonsterBanner	脸怪旗	Face Monster Banner
1645	FloatyGrossBanner	恶心浮游怪旗	Floaty Gross Banner
1646	FlyingFishBanner	飞鱼旗	Flying Fish Banner
1647	FlyingSnakeBanner	飞蛇旗	Flying Snake Banner
1648	FrankensteinBanner	科学怪人旗	Frankenstein Banner
1649	FungiBulbBanner	真菌球怪旗	Fungi Bulb Banner
1650	FungoFishBanner	蘑菇鱼旗	Fungo Fish Banner
1651	GastropodBanner	腹足怪旗	Gastropod Banner
1652	GoblinThiefBanner	哥布林盗贼旗	Goblin Thief Banner
1653	GoblinSorcererBanner	哥布林巫士旗	Goblin Sorcerer Banner
1654	GoblinPeonBanner	哥布林苦力旗	Goblin Peon Banner
1655	GoblinScoutBanner	哥布林侦察兵旗	Goblin Scout Banner
1656	GoblinWarriorBanner	哥布林战士旗	Goblin Warrior Banner
1657	GoldfishBanner	金鱼旗	Goldfish Banner
1658	HarpyBanner	鸟妖旗	Harpy Banner
1659	HellbatBanner	地狱蝙蝠旗	Hellbat Banner
1660	HerplingBanner	蹦蹦兽旗	Herpling Banner
1661	HornetBanner	黄蜂旗	Hornet Banner
1662	IceElementalBanner	冰雪精旗	Ice Elemental Banner
1663	IcyMermanBanner	冰雪人鱼旗	Icy Merman Banner
1664	FireImpBanner	火焰小鬼旗	Fire Imp Banner
1665	JellyfishBanner	蓝水母旗	Blue Jellyfish Banner
1666	JungleCreeperBanner	丛林蜘蛛旗	Jungle Creeper Banner
1667	LihzahrdBanner	丛林蜥蜴旗	Lihzahrd Banner
1668	ManEaterBanner	食人怪旗	Man Eater Banner
1669	MeteorHeadBanner	流星头旗	Meteor Head Banner
1670	MothBanner	飞蛾旗	Moth Banner
1671	MummyBanner	木乃伊旗	Mummy Banner
1672	MushiLadybugBanner	蘑菇瓢虫旗	Mushi Ladybug Banner
1673	ParrotBanner	鹦鹉旗	Parrot Banner
1674	PigronBanner	猪龙旗	Pigron Banner
1675	PiranhaBanner	食人鱼旗	Piranha Banner
1676	PirateBanner	海盗水手旗	Pirate Deckhand Banner
1677	PixieBanner	妖精旗	Pixie Banner
1678	RaincoatZombieBanner	雨衣僵尸旗	Raincoat Zombie Banner
1679	ReaperBanner	死神旗	Reaper Banner
1680	SharkBanner	鲨鱼旗	Shark Banner
1681	SkeletonBanner	骷髅旗	Skeleton Banner
1682	SkeletonMageBanner	暗黑法师旗	Dark Caster Banner
1683	SlimeBanner	蓝史莱姆旗	Blue Slime Banner
1684	SnowFlinxBanner	小雪怪旗	Snow Flinx Banner
1685	SpiderBanner	爬墙蜘蛛旗	Wall Creeper Banner
1686	SporeZombieBanner	孢子僵尸旗	Spore Zombie Banner
1687	SwampThingBanner	沼泽怪旗	Swamp Thing Banner
1688	TortoiseBanner	巨型陆龟旗	Giant Tortoise Banner
1689	ToxicSludgeBanner	毒泥旗	Toxic Sludge Banner
1690	UmbrellaSlimeBanner	雨伞史莱姆旗	Umbrella Slime Banner
1691	UnicornBanner	独角兽旗	Unicorn Banner
1692	VampireBanner	吸血鬼旗	Vampire Banner
1693	VultureBanner	秃鹰旗	Vulture Banner
1694	NypmhBanner	宁芙旗	Nymph Banner
1695	WerewolfBanner	狼人旗	Werewolf Banner
1696	WolfBanner	狼旗	Wolf Banner
1697	WorldFeederBanner	吞世怪旗	World Feeder Banner
1698	WormBanner	蠕虫旗	Worm Banner
1699	WraithBanner	幻灵旗	Wraith Banner
1700	WyvernBanner	飞龙旗	Wyvern Banner
1701	ZombieBanner	僵尸旗	Zombie Banner
1702	GlassPlatform	玻璃平台	Glass Platform
1703	GlassChair	玻璃椅	Glass Chair
1704	GoldenChair	金椅	Golden Chair
1705	GoldenToilet	金马桶	Golden Toilet
1706	BarStool	高脚凳	Bar Stool
1707	HoneyChair	蜂蜜椅	Honey Chair
1708	SteampunkChair	蒸汽朋克椅	Steampunk Chair
1709	GlassDoor	玻璃门	Glass Door
1710	GoldenDoor	金门	Golden Door
1711	HoneyDoor	蜂蜜门	Honey Door
1712	SteampunkDoor	蒸汽朋克门	Steampunk Door
1713	GlassTable	玻璃桌	Glass Table
1714	BanquetTable	宴会桌	Banquet Table
1715	Bar	吧台	Bar
1716	GoldenTable	金桌	Golden Table
1717	HoneyTable	蜂蜜桌	Honey Table
1718	SteampunkTable	蒸汽朋克桌	Steampunk Table
1719	GlassBed	玻璃床	Glass Bed
1720	GoldenBed	金床	Golden Bed
1721	HoneyBed	蜂蜜床	Honey Bed
1722	SteampunkBed	蒸汽朋克床	Steampunk Bed
1723	LivingWoodWall	生命木墙	Living Wood Wall
1724	FartinaJar	罐中臭屁	Fart in a Jar
1725	Pumpkin	南瓜	Pumpkin
1726	PumpkinWall	南瓜墙	Pumpkin Wall
1727	Hay	干草	Hay
1728	HayWall	干草墙	Hay Wall
1729	SpookyWood	阴森木	Spooky Wood
1730	SpookyWoodWall	阴森木墙	Spooky Wood Wall
1731	PumpkinHelmet	南瓜头盔	Pumpkin Helmet
1732	PumpkinBreastplate	南瓜胸甲	Pumpkin Breastplate
1733	PumpkinLeggings	南瓜护腿	Pumpkin Leggings
1734	CandyApple	焦糖苹果	Candy Apple
1735	SoulCake	灵魂蛋糕	Soul Cake
1736	NurseHat	护士帽	Nurse Hat
1737	NurseShirt	护士衣	Nurse Shirt
1738	NursePants	护士裤	Nurse Pants
1739	WizardsHat	巫师之帽	Wizard's Hat
1740	GuyFawkesMask	盖伊·福克斯面具	Guy Fawkes Mask
1741	DyeTraderRobe	染料商长袍	Dye Trader Robe
1742	SteampunkGoggles	蒸汽朋克护目镜	Steampunk Goggles
1743	CyborgHelmet	机器侠头盔	Cyborg Helmet
1744	CyborgShirt	机器侠衣	Cyborg Shirt
1745	CyborgPants	机器侠裤	Cyborg Pants
1746	CreeperMask	苦力怕面具	Creeper Mask
1747	CreeperShirt	苦力怕衣	Creeper Shirt
1748	CreeperPants	苦力怕裤	Creeper Pants
1749	CatMask	猫咪面具	Cat Mask
1750	CatShirt	猫咪衣	Cat Shirt
1751	CatPants	猫咪裤	Cat Pants
1752	GhostMask	鬼魂面具	Ghost Mask
1753	GhostShirt	鬼魂衣	Ghost Shirt
1754	PumpkinMask	南瓜面具	Pumpkin Mask
1755	PumpkinShirt	南瓜衣	Pumpkin Shirt
1756	PumpkinPants	南瓜裤	Pumpkin Pants
1757	RobotMask	机器人面具	Robot Mask
1758	RobotShirt	机器人衣	Robot Shirt
1759	RobotPants	机器人裤	Robot Pants
1760	UnicornMask	独角兽面具	Unicorn Mask
1761	UnicornShirt	独角兽衣	Unicorn Shirt
1762	UnicornPants	独角兽裤	Unicorn Pants
1763	VampireMask	吸血鬼面具	Vampire Mask
1764	VampireShirt	吸血鬼衣	Vampire Shirt
1765	VampirePants	吸血鬼裤	Vampire Pants
1766	WitchHat	女巫帽	Witch Hat
1767	LeprechaunHat	矮妖帽	Leprechaun Hat
1768	LeprechaunShirt	矮妖衣	Leprechaun Shirt
1769	LeprechaunPants	矮妖裤	Leprechaun Pants
1770	PixieShirt	妖精衣	Pixie Shirt
1771	PixiePants	妖精裤	Pixie Pants
1772	PrincessHat	公主帽	Princess Hat
1773	PrincessDressNew	公主裙	Princess Dress
1774	GoodieBag	礼袋	Goodie Bag
1775	WitchDress	女巫服	Witch Dress
1776	WitchBoots	女巫靴	Witch Boots
1777	BrideofFrankensteinMask	科学怪人新娘面具	Bride of Frankenstein Mask
1778	BrideofFrankensteinDress	科学怪人新娘服	Bride of Frankenstein Dress
1779	KarateTortoiseMask	空手道陆龟面具	Karate Tortoise Mask
1780	KarateTortoiseShirt	空手道陆龟衣	Karate Tortoise Shirt
1781	KarateTortoisePants	空手道陆龟裤	Karate Tortoise Pants
1782	CandyCornRifle	玉米糖步枪	Candy Corn Rifle
1783	CandyCorn	玉米糖	Candy Corn
1784	JackOLanternLauncher	杰克南瓜灯发射器	Jack 'O Lantern Launcher
1785	ExplosiveJackOLantern	爆炸杰克南瓜灯	Explosive Jack 'O Lantern
1786	Sickle	镰刀	Sickle
1787	PumpkinPie	南瓜派	Pumpkin Pie
1788	ScarecrowHat	稻草人帽	Scarecrow Hat
1789	ScarecrowShirt	稻草人衣	Scarecrow Shirt
1790	ScarecrowPants	稻草人裤	Scarecrow Pants
1791	Cauldron	大锅	Cauldron
1792	PumpkinChair	南瓜椅	Pumpkin Chair
1793	PumpkinDoor	南瓜门	Pumpkin Door
1794	PumpkinTable	南瓜桌	Pumpkin Table
1795	PumpkinWorkBench	南瓜工作台	Pumpkin Work Bench
1796	PumpkinPlatform	南瓜平台	Pumpkin Platform
1797	TatteredFairyWings	褴褛仙灵之翼	Tattered Fairy Wings
1798	SpiderEgg	蜘蛛卵	Spider Egg
1799	MagicalPumpkinSeed	魔法南瓜子	Magical Pumpkin Seed
1800	BatHook	蝙蝠钩	Bat Hook
1801	BatScepter	蝙蝠权杖	Bat Scepter
1802	RavenStaff	乌鸦法杖	Raven Staff
1803	JungleKeyMold	丛林钥匙模具	Jungle Key Mold
1804	CorruptionKeyMold	腐化钥匙模具	Corruption Key Mold
1805	CrimsonKeyMold	猩红钥匙模具	Crimson Key Mold
1806	HallowedKeyMold	神圣钥匙模具	Hallowed Key Mold
1807	FrozenKeyMold	冰冻钥匙模具	Frozen Key Mold
1808	HangingJackOLantern	杰克南瓜挂灯	Hanging Jack 'O Lantern
1809	RottenEgg	臭蛋	Rotten Egg
1810	UnluckyYarn	霉运纱线	Unlucky Yarn
1811	BlackFairyDust	黑色仙尘	Black Fairy Dust
1812	Jackelier	南瓜头吊灯	Jackelier
1813	JackOLantern	杰克南瓜灯	Jack 'O Lantern
1814	SpookyChair	阴森椅	Spooky Chair
1815	SpookyDoor	阴森门	Spooky Door
1816	SpookyTable	阴森桌	Spooky Table
1817	SpookyWorkBench	阴森工作台	Spooky Work Bench
1818	SpookyPlatform	阴森木平台	Spooky Wood Platform
1819	ReaperHood	死神兜帽	Reaper Hood
1820	ReaperRobe	死神长袍	Reaper Robe
1821	FoxMask	狐狸面具	Fox Mask
1822	FoxShirt	狐狸衣	Fox Shirt
1823	FoxPants	狐狸裤	Fox Pants
1824	CatEars	猫耳	Cat Ears
1825	BloodyMachete	血腥砍刀	Bloody Machete
1826	TheHorsemansBlade	无头骑士剑	The Horseman's Blade
1827	BladedGlove	利刃手套	Bladed Glove
1828	PumpkinSeed	南瓜子	Pumpkin Seed
1829	SpookyHook	阴森钩	Spooky Hook
1830	SpookyWings	阴森之翼	Spooky Wings
1831	SpookyTwig	阴森嫩枝	Spooky Twig
1832	SpookyHelmet	阴森头盔	Spooky Helmet
1833	SpookyBreastplate	阴森胸甲	Spooky Breastplate
1834	SpookyLeggings	阴森护腿	Spooky Leggings
1835	StakeLauncher	尖桩发射器	Stake Launcher
1836	Stake	尖桩	Stake
1837	CursedSapling	诅咒树苗	Cursed Sapling
1838	SpaceCreatureMask	太空生物面具	Space Creature Mask
1839	SpaceCreatureShirt	太空生物衣	Space Creature Shirt
1840	SpaceCreaturePants	太空生物裤	Space Creature Pants
1841	WolfMask	狼面具	Wolf Mask
1842	WolfShirt	狼衣	Wolf Shirt
1843	WolfPants	狼裤	Wolf Pants
1844	PumpkinMoonMedallion	南瓜月勋章	Pumpkin Moon Medallion
1845	NecromanticScroll	死灵卷轴	Necromantic Scroll
1846	JackingSkeletron	骷髅夜惊魂	Jacking Skeletron
1847	BitterHarvest	苦涩收获	Bitter Harvest
1848	BloodMoonCountess	血月伯爵夫人	Blood Moon Countess
1849	HallowsEve	万圣节前夕	Hallow's Eve
1850	MorbidCuriosity	病态好奇心	Morbid Curiosity
1851	TreasureHunterShirt	寻宝人衣	Treasure Hunter Shirt
1852	TreasureHunterPants	寻宝人裤	Treasure Hunter Pants
1853	DryadCoverings	树妖遮体服	Dryad Coverings
1854	DryadLoincloth	树妖腰布	Dryad Loincloth
1855	MourningWoodTrophy	哀木纪念章	Mourning Wood Trophy
1856	PumpkingTrophy	南瓜王纪念章	Pumpking Trophy
1857	JackOLanternMask	杰克南瓜灯面具	Jack 'O Lantern Mask
1858	SniperScope	狙击镜	Sniper Scope
1859	HeartLantern	红心灯笼	Heart Lantern
1860	JellyfishDivingGear	水母潜水装备	Jellyfish Diving Gear
1861	ArcticDivingGear	北极潜水装备	Arctic Diving Gear
1862	FrostsparkBoots	霜花靴	Frostspark Boots
1863	FartInABalloon	臭屁气球	Fart in a Balloon
1864	PapyrusScarab	甲虫莎草纸	Papyrus Scarab
1865	CelestialStone	天界石	Celestial Stone
1866	Hoverboard	悬浮板	Hoverboard
1867	CandyCane	糖棒	Candy Cane
1868	SugarPlum	蜜糖李	Sugar Plum
1869	Present	礼物	Present
1870	RedRyder	红莱德枪	Red Ryder
1871	FestiveWings	喜庆之翼	Festive Wings
1872	PineTreeBlock	松树块	Pine Tree Block
1873	ChristmasTree	圣诞树	Christmas Tree
1874	StarTopper1	星星顶饰1	Star Topper 1
1875	StarTopper2	星星顶饰2	Star Topper 2
1876	StarTopper3	星星顶饰3	Star Topper 3
1877	BowTopper	蝴蝶结顶饰	Bow Topper
1878	WhiteGarland	白花环	White Garland
1879	WhiteAndRedGarland	白红花环	White and Red Garland
1880	RedGardland	红花环	Red Garland
1881	RedAndGreenGardland	红绿花环	Red and Green Garland
1882	GreenGardland	绿花环	Green Garland
1883	GreenAndWhiteGarland	绿白花环	Green and White Garland
1884	MulticoloredBulb	五彩灯泡	Multicolored Bulb
1885	RedBulb	红灯泡	Red Bulb
1886	YellowBulb	黄灯泡	Yellow Bulb
1887	GreenBulb	绿灯泡	Green Bulb
1888	RedAndGreenBulb	红绿灯泡	Red and Green Bulb
1889	YellowAndGreenBulb	黄绿灯泡	Yellow and Green Bulb
1890	RedAndYellowBulb	红黄灯泡	Red and Yellow Bulb
1891	WhiteBulb	白灯泡	White Bulb
1892	WhiteAndRedBulb	白红灯泡	White and Red Bulb
1893	WhiteAndYellowBulb	白黄灯泡	White and Yellow Bulb
1894	WhiteAndGreenBulb	白绿灯泡	White and Green Bulb
1895	MulticoloredLights	五彩串灯	Multicolored Lights
1896	RedLights	红串灯	Red Lights
1897	GreenLights	绿串灯	Green Lights
1898	BlueLights	蓝串灯	Blue Lights
1899	YellowLights	黄串灯	Yellow Lights
1900	RedAndYellowLights	红黄串灯	Red and Yellow Lights
1901	RedAndGreenLights	红绿串灯	Red and Green Lights
1902	YellowAndGreenLights	黄绿串灯	Yellow and Green Lights
1903	BlueAndGreenLights	蓝绿串灯	Blue and Green Lights
1904	RedAndBlueLights	红蓝串灯	Red and Blue Lights
1905	BlueAndYellowLights	蓝黄串灯	Blue and Yellow Lights
1906	GiantBow	巨型蝴蝶结	Giant Bow
1907	ReindeerAntlers	驯鹿角	Reindeer Antlers
1908	Holly	冬青树	Holly
1909	CandyCaneSword	糖棒剑	Candy Cane Sword
1910	ElfMelter	精灵熔枪	Elf Melter
1911	ChristmasPudding	圣诞布丁	Christmas Pudding
1912	Eggnog	蛋酒	Eggnog
1913	StarAnise	星形茴香	Star Anise
1914	ReindeerBells	驯鹿铃铛	Reindeer Bells
1915	CandyCaneHook	糖棒钩	Candy Cane Hook
1916	ChristmasHook	圣诞钩	Christmas Hook
1917	CnadyCanePickaxe	糖棒镐	Candy Cane Pickaxe
1918	FruitcakeChakram	水果蛋糕旋刃	Fruitcake Chakram
1919	SugarCookie	蜜糖饼干	Sugar Cookie
1920	GingerbreadCookie	姜饼	Gingerbread Cookie
1921	HandWarmer	暖手宝	Hand Warmer
1922	Coal	煤	Coal
1923	Toolbox	工具箱	Toolbox
1924	PineDoor	松树门	Pine Door
1925	PineChair	松树椅	Pine Chair
1926	PineTable	松树桌	Pine Table
1927	DogWhistle	狗哨	Dog Whistle
1928	ChristmasTreeSword	圣诞树剑	Christmas Tree Sword
1929	ChainGun	链式机枪	Chain Gun
1930	Razorpine	剃刀松	Razorpine
1931	BlizzardStaff	暴雪法杖	Blizzard Staff
1932	MrsClauseHat	圣诞夫人帽	Mrs. Claus Hat
1933	MrsClauseShirt	圣诞夫人衣	Mrs. Claus Shirt
1934	MrsClauseHeels	圣诞夫人高跟鞋	Mrs. Claus Heels
1935	ParkaHood	派克兜帽	Parka Hood
1936	ParkaCoat	派克大衣	Parka Coat
1937	ParkaPants	派克裤	Parka Pants
1938	SnowHat	雪帽	Snow Hat
1939	UglySweater	丑毛衣	Ugly Sweater
1940	TreeMask	树面具	Tree Mask
1941	TreeShirt	树衣	Tree Shirt
1942	TreeTrunks	树干	Tree Trunks
1943	ElfHat	精灵帽	Elf Hat
1944	ElfShirt	精灵衣	Elf Shirt
1945	ElfPants	精灵裤	Elf Pants
1946	SnowmanCannon	雪人炮	Snowman Cannon
1947	NorthPole	北极	North Pole
1948	ChristmasTreeWallpaper	圣诞树壁纸	Christmas Tree Wallpaper
1949	OrnamentWallpaper	装饰壁纸	Ornament Wallpaper
1950	CandyCaneWallpaper	糖棒壁纸	Candy Cane Wallpaper
1951	FestiveWallpaper	节日壁纸	Festive Wallpaper
1952	StarsWallpaper	星星壁纸	Stars Wallpaper
1953	SquigglesWallpaper	波浪条纹壁纸	Squiggles Wallpaper
1954	SnowflakeWallpaper	雪花壁纸	Snowflake Wallpaper
1955	KrampusHornWallpaper	坎卜斯犄角壁纸	Krampus Horn Wallpaper
1956	BluegreenWallpaper	蓝绿壁纸	Bluegreen Wallpaper
1957	GrinchFingerWallpaper	格林奇手指壁纸	Grinch Finger Wallpaper
1958	NaughtyPresent	调皮礼物	Naughty Present
1959	BabyGrinchMischiefWhistle	格林奇宝宝的恶作剧口哨	Baby Grinch's Mischief Whistle
1960	IceQueenTrophy	冰雪女王纪念章	Ice Queen Trophy
1961	SantaNK1Trophy	圣诞坦克纪念章	Santa-NK1 Trophy
1962	EverscreamTrophy	常绿尖叫怪纪念章	Everscream Trophy
1963	MusicBoxPumpkinMoon	八音盒（南瓜月）	Music Box (Pumpkin Moon)
1964	MusicBoxAltUnderground	八音盒（地下备选曲）	Music Box (Alt Underground)
1965	MusicBoxFrostMoon	八音盒（霜月）	Music Box (Frost Moon)
1966	BrownPaint	棕漆	Brown Paint
1967	ShadowPaint	暗影漆	Shadow Paint
1968	NegativePaint	反色漆	Negative Paint
1969	TeamDye	团队染料	Team Dye
1970	AmethystGemsparkBlock	紫晶晶莹宝石块	Amethyst Gemspark Block
1971	TopazGemsparkBlock	黄玉晶莹宝石块	Topaz Gemspark Block
1972	SapphireGemsparkBlock	蓝玉晶莹宝石块	Sapphire Gemspark Block
1973	EmeraldGemsparkBlock	翡翠晶莹宝石块	Emerald Gemspark Block
1974	RubyGemsparkBlock	红玉晶莹宝石块	Ruby Gemspark Block
1975	DiamondGemsparkBlock	钻石晶莹宝石块	Diamond Gemspark Block
1976	AmberGemsparkBlock	琥珀晶莹宝石块	Amber Gemspark Block
1977	LifeHairDye	生命染发剂	Life Hair Dye
1978	ManaHairDye	魔力染发剂	Mana Hair Dye
1979	DepthHairDye	深度染发剂	Depth Hair Dye
1980	MoneyHairDye	钱币染发剂	Money Hair Dye
1981	TimeHairDye	时间染发剂	Time Hair Dye
1982	TeamHairDye	团队染发剂	Team Hair Dye
1983	BiomeHairDye	生物群系染发剂	Biome Hair Dye
1984	PartyHairDye	派对染发剂	Party Hair Dye
1985	RainbowHairDye	彩虹染发剂	Rainbow Hair Dye
1986	SpeedHairDye	速度染发剂	Speed Hair Dye
1987	AngelHalo	天使光环	Angel Halo
1988	Fez	菲斯帽	Fez
1989	Womannquin	女性人体模型	Womannequin
1990	HairDyeRemover	染发剂清除剂	Hair Dye Remover
1991	BugNet	虫网	Bug Net
1992	Firefly	萤火虫	Firefly
1993	FireflyinaBottle	萤火虫瓶	Firefly in a Bottle
1994	MonarchButterfly	帝王蝶	Monarch Butterfly
1995	PurpleEmperorButterfly	紫蛱蝶	Purple Emperor Butterfly
1996	RedAdmiralButterfly	红蛱蝶	Red Admiral Butterfly
1997	UlyssesButterfly	翠凤蝶	Ulysses Butterfly
1998	SulphurButterfly	黄粉蝶	Sulphur Butterfly
1999	TreeNymphButterfly	帛斑蝶	Tree Nymph Butterfly
2000	ZebraSwallowtailButterfly	带凤蝶	Zebra Swallowtail Butterfly
2001	JuliaButterfly	珠袖蝶	Julia Butterfly
2002	Worm	蠕虫	Worm
2003	Mouse	老鼠	Mouse
2004	LightningBug	荧光虫	Lightning Bug
2005	LightningBuginaBottle	荧光虫瓶	Lightning Bug in a Bottle
2006	Snail	蜗牛	Snail
2007	GlowingSnail	发光蜗牛	Glowing Snail
2008	FancyGreyWallpaper	别致灰壁纸	Fancy Gray Wallpaper
2009	IceFloeWallpaper	浮冰壁纸	Ice Floe Wallpaper
2010	MusicWallpaper	音符壁纸	Music Wallpaper
2011	PurpleRainWallpaper	紫雨壁纸	Purple Rain Wallpaper
2012	RainbowWallpaper	彩虹壁纸	Rainbow Wallpaper
2013	SparkleStoneWallpaper	烁石壁纸	Sparkle Stone Wallpaper
2014	StarlitHeavenWallpaper	星光天堂壁纸	Starlit Heaven Wallpaper
2015	Bird	鸟	Bird
2016	BlueJay	冠蓝鸦	Blue Jay
2017	Cardinal	红雀	Cardinal
2018	Squirrel	松鼠	Squirrel
2019	Bunny	兔兔	Bunny
2020	CactusBookcase	仙人掌书架	Cactus Bookcase
2021	EbonwoodBookcase	乌木书架	Ebonwood Bookcase
2022	FleshBookcase	血肉书架	Flesh Bookcase
2023	HoneyBookcase	蜂蜜书架	Honey Bookcase
2024	SteampunkBookcase	蒸汽朋克书架	Steampunk Bookcase
2025	GlassBookcase	玻璃书架	Glass Bookcase
2026	RichMahoganyBookcase	红木书架	Rich Mahogany Bookcase
2027	PearlwoodBookcase	珍珠木书架	Pearlwood Bookcase
2028	SpookyBookcase	阴森书架	Spooky Bookcase
2029	SkywareBookcase	天域书架	Skyware Bookcase
2030	LihzahrdBookcase	丛林蜥蜴书架	Lihzahrd Bookcase
2031	FrozenBookcase	冰冻书架	Frozen Bookcase
2032	CactusLantern	仙人掌灯笼	Cactus Lantern
2033	EbonwoodLantern	乌木灯笼	Ebonwood Lantern
2034	FleshLantern	血肉灯笼	Flesh Lantern
2035	HoneyLantern	蜂蜜灯笼	Honey Lantern
2036	SteampunkLantern	蒸汽朋克灯笼	Steampunk Lantern
2037	GlassLantern	玻璃灯笼	Glass Lantern
2038	RichMahoganyLantern	红木灯笼	Rich Mahogany Lantern
2039	PearlwoodLantern	珍珠木灯笼	Pearlwood Lantern
2040	FrozenLantern	冰冻灯笼	Frozen Lantern
2041	LihzahrdLantern	丛林蜥蜴灯笼	Lihzahrd Lantern
2042	SkywareLantern	天域灯笼	Skyware Lantern
2043	SpookyLantern	阴森灯笼	Spooky Lantern
2044	FrozenDoor	冰冻门	Frozen Door
2045	CactusCandle	仙人掌蜡烛	Cactus Candle
2046	EbonwoodCandle	乌木蜡烛	Ebonwood Candle
2047	FleshCandle	血肉蜡烛	Flesh Candle
2048	GlassCandle	玻璃蜡烛	Glass Candle
2049	FrozenCandle	冰冻蜡烛	Frozen Candle
2050	RichMahoganyCandle	红木蜡烛	Rich Mahogany Candle
2051	PearlwoodCandle	珍珠木蜡烛	Pearlwood Candle
2052	LihzahrdCandle	丛林蜥蜴蜡烛	Lihzahrd Candle
2053	SkywareCandle	天域蜡烛	Skyware Candle
2054	PumpkinCandle	南瓜蜡烛	Pumpkin Candle
2055	CactusChandelier	仙人掌吊灯	Cactus Chandelier
2056	EbonwoodChandelier	乌木吊灯	Ebonwood Chandelier
2057	FleshChandelier	血肉吊灯	Flesh Chandelier
2058	HoneyChandelier	蜂蜜吊灯	Honey Chandelier
2059	FrozenChandelier	冰冻吊灯	Frozen Chandelier
2060	RichMahoganyChandelier	红木吊灯	Rich Mahogany Chandelier
2061	PearlwoodChandelier	珍珠木吊灯	Pearlwood Chandelier
2062	LihzahrdChandelier	丛林蜥蜴吊灯	Lihzahrd Chandelier
2063	SkywareChandelier	天域吊灯	Skyware Chandelier
2064	SpookyChandelier	阴森吊灯	Spooky Chandelier
2065	GlassChandelier	玻璃吊灯	Glass Chandelier
2066	CactusBed	仙人掌床	Cactus Bed
2067	FleshBed	血肉床	Flesh Bed
2068	FrozenBed	冰冻床	Frozen Bed
2069	LihzahrdBed	丛林蜥蜴床	Lihzahrd Bed
2070	SkywareBed	天域床	Skyware Bed
2071	SpookyBed	阴森床	Spooky Bed
2072	CactusBathtub	仙人掌浴缸	Cactus Bathtub
2073	EbonwoodBathtub	乌木浴缸	Ebonwood Bathtub
2074	FleshBathtub	血肉浴缸	Flesh Bathtub
2075	GlassBathtub	玻璃浴缸	Glass Bathtub
2076	FrozenBathtub	冰冻浴缸	Frozen Bathtub
2077	RichMahoganyBathtub	红木浴缸	Rich Mahogany Bathtub
2078	PearlwoodBathtub	珍珠木浴缸	Pearlwood Bathtub
2079	LihzahrdBathtub	丛林蜥蜴浴缸	Lihzahrd Bathtub
2080	SkywareBathtub	天域浴缸	Skyware Bathtub
2081	SpookyBathtub	阴森浴缸	Spooky Bathtub
2082	CactusLamp	仙人掌灯	Cactus Lamp
2083	EbonwoodLamp	乌木灯	Ebonwood Lamp
2084	FleshLamp	血肉灯	Flesh Lamp
2085	GlassLamp	玻璃灯	Glass Lamp
2086	FrozenLamp	冰冻灯	Frozen Lamp
2087	RichMahoganyLamp	红木灯	Rich Mahogany Lamp
2088	PearlwoodLamp	珍珠木灯	Pearlwood Lamp
2089	LihzahrdLamp	丛林蜥蜴灯	Lihzahrd Lamp
2090	SkywareLamp	天域灯	Skyware Lamp
2091	SpookyLamp	阴森灯	Spooky Lamp
2092	CactusCandelabra	仙人掌烛台	Cactus Candelabra
2093	EbonwoodCandelabra	乌木烛台	Ebonwood Candelabra
2094	FleshCandelabra	血肉烛台	Flesh Candelabra
2095	HoneyCandelabra	蜂蜜烛台	Honey Candelabra
2096	SteampunkCandelabra	蒸汽朋克烛台	Steampunk Candelabra
2097	GlassCandelabra	玻璃烛台	Glass Candelabra
2098	RichMahoganyCandelabra	红木大烛台	Rich Mahogany Candelabra
2099	PearlwoodCandelabra	珍珠木烛台	Pearlwood Candelabra
2100	FrozenCandelabra	冰冻烛台	Frozen Candelabra
2101	LihzahrdCandelabra	丛林蜥蜴烛台	Lihzahrd Candelabra
2102	SkywareCandelabra	天域烛台	Skyware Candelabra
2103	SpookyCandelabra	阴森大烛台	Spooky Candelabra
2104	BrainMask	克苏鲁之脑面具	Brain of Cthulhu Mask
2105	FleshMask	血肉墙面具	Wall of Flesh Mask
2106	TwinMask	双子魔眼面具	Twin Mask
2107	SkeletronPrimeMask	机械骷髅王面具	Skeletron Prime Mask
2108	BeeMask	蜂王面具	Queen Bee Mask
2109	PlanteraMask	世纪之花面具	Plantera Mask
2110	GolemMask	石巨人面具	Golem Mask
2111	EaterMask	世界吞噬怪面具	Eater of Worlds Mask
2112	EyeMask	克苏鲁之眼面具	Eye of Cthulhu Mask
2113	DestroyerMask	毁灭者面具	Destroyer Mask
2114	BlacksmithRack	铁匠架	Blacksmith Rack
2115	CarpentryRack	木工架	Carpentry Rack
2116	HelmetRack	头盔架	Helmet Rack
2117	SpearRack	长矛架	Spear Rack
2118	SwordRack	剑架	Sword Rack
2119	StoneSlab	石板	Stone Slab
2120	SandstoneSlab	沙岩板	Sandstone Slab
2121	Frog	青蛙	Frog
2122	MallardDuck	野鸭	Mallard Duck
2123	Duck	鸭	Duck
2124	HoneyBathtub	蜂蜜浴缸	Honey Bathtub
2125	SteampunkBathtub	蒸汽朋克浴缸	Steampunk Bathtub
2126	LivingWoodBathtub	生命木浴缸	Living Wood Bathtub
2127	ShadewoodBathtub	暗影木浴缸	Shadewood Bathtub
2128	BoneBathtub	骨头浴缸	Bone Bathtub
2129	HoneyLamp	蜂蜜灯	Honey Lamp
2130	SteampunkLamp	蒸汽朋克灯	Steampunk Lamp
2131	LivingWoodLamp	生命木灯	Living Wood Lamp
2132	ShadewoodLamp	暗影木灯	Shadewood Lamp
2133	GoldenLamp	金灯	Golden Lamp
2134	BoneLamp	骨头灯	Bone Lamp
2135	LivingWoodBookcase	生命木书架	Living Wood Bookcase
2136	ShadewoodBookcase	暗影木书架	Shadewood Bookcase
2137	GoldenBookcase	金书架	Golden Bookcase
2138	BoneBookcase	骨头书架	Bone Bookcase
2139	LivingWoodBed	生命木床	Living Wood Bed
2140	BoneBed	骨头床	Bone Bed
2141	LivingWoodChandelier	生命木吊灯	Living Wood Chandelier
2142	ShadewoodChandelier	暗影木吊灯	Shadewood Chandelier
2143	GoldenChandelier	金制吊灯	Golden Chandelier
2144	BoneChandelier	骨头吊灯	Bone Chandelier
2145	LivingWoodLantern	生命木灯笼	Living Wood Lantern
2146	ShadewoodLantern	暗影木灯笼	Shadewood Lantern
2147	GoldenLantern	金灯笼	Golden Lantern
2148	BoneLantern	骨头灯笼	Bone Lantern
2149	LivingWoodCandelabra	生命木烛台	Living Wood Candelabra
2150	ShadewoodCandelabra	暗影木烛台	Shadewood Candelabra
2151	GoldenCandelabra	金烛台	Golden Candelabra
2152	BoneCandelabra	骨头烛台	Bone Candelabra
2153	LivingWoodCandle	生命木蜡烛	Living Wood Candle
2154	ShadewoodCandle	暗影木蜡烛	Shadewood Candle
2155	GoldenCandle	金蜡烛	Golden Candle
2156	BlackScorpion	黑蝎子	Black Scorpion
2157	Scorpion	蝎子	Scorpion
2158	BubbleWallpaper	泡泡壁纸	Bubble Wallpaper
2159	CopperPipeWallpaper	铜管壁纸	Copper Pipe Wallpaper
2160	DuckyWallpaper	黄鸭壁纸	Ducky Wallpaper
2161	FrostCore	寒霜核	Frost Core
2162	BunnyCage	兔兔笼	Bunny Cage
2163	SquirrelCage	松鼠笼	Squirrel Cage
2164	MallardDuckCage	野鸭笼	Mallard Duck Cage
2165	DuckCage	鸭笼	Duck Cage
2166	BirdCage	鸟笼	Bird Cage
2167	BlueJayCage	冠蓝鸦笼	Blue Jay Cage
2168	CardinalCage	红雀笼	Cardinal Cage
2169	WaterfallWall	瀑布墙	Waterfall Wall
2170	LavafallWall	熔岩瀑布墙	Lavafall Wall
2171	CrimsonSeeds	猩红种子	Crimson Seeds
2172	HeavyWorkBench	重型组装机	Heavy Assembler
2173	CopperPlating	铜护板	Copper Plating
2174	SnailCage	蜗牛笼	Snail Cage
2175	GlowingSnailCage	发光蜗牛笼	Glowing Snail Cage
2176	ShroomiteDiggingClaw	蘑菇矿挖爪	Shroomite Digging Claw
2177	AmmoBox	弹药箱	Ammo Box
2178	MonarchButterflyJar	帝王蝶罐	Monarch Butterfly Jar
2179	PurpleEmperorButterflyJar	紫蛱蝶罐	Purple Emperor Butterfly Jar
2180	RedAdmiralButterflyJar	红蛱蝶罐	Red Admiral Butterfly Jar
2181	UlyssesButterflyJar	翠凤蝶罐	Ulysses Butterfly Jar
2182	SulphurButterflyJar	黄粉蝶罐	Sulphur Butterfly Jar
2183	TreeNymphButterflyJar	帛斑蝶罐	Tree Nymph Butterfly Jar
2184	ZebraSwallowtailButterflyJar	带凤蝶罐	Zebra Swallowtail Butterfly Jar
2185	JuliaButterflyJar	珠袖蝶罐	Julia Butterfly Jar
2186	ScorpionCage	蝎子笼	Scorpion Cage
2187	BlackScorpionCage	黑蝎子笼	Black Scorpion Cage
2188	VenomStaff	毒液法杖	Venom Staff
2189	SpectreMask	幽灵面具	Spectre Mask
2190	FrogCage	蛙笼	Frog Cage
2191	MouseCage	老鼠笼	Mouse Cage
2192	BoneWelder	骨头焊机	Bone Welder
2193	FleshCloningVaat	血肉克隆台	Flesh Cloning Vat
2194	GlassKiln	玻璃窑	Glass Kiln
2195	LihzahrdFurnace	丛林蜥蜴熔炉	Lihzahrd Furnace
2196	LivingLoom	生命木织机	Living Loom
2197	SkyMill	天磨	Sky Mill
2198	IceMachine	冰雪机	Ice Machine
2199	BeetleHelmet	甲虫头盔	Beetle Helmet
2200	BeetleScaleMail	甲虫铠甲	Beetle Scale Mail
2201	BeetleShell	甲虫壳	Beetle Shell
2202	BeetleLeggings	甲虫护腿	Beetle Leggings
2203	SteampunkBoiler	蒸汽朋克锅炉	Steampunk Boiler
2204	HoneyDispenser	蜂蜜分配机	Honey Dispenser
2205	Penguin	企鹅	Penguin
2206	PenguinCage	企鹅笼	Penguin Cage
2207	WormCage	蠕虫笼	Worm Cage
2208	Terrarium	泰拉饲养笼	Terrarium
2209	SuperManaPotion	超级魔力药水	Super Mana Potion
2210	EbonwoodFence	乌木栅栏	Ebonwood Fence
2211	RichMahoganyFence	红木栅栏	Rich Mahogany Fence
2212	PearlwoodFence	珍珠木栅栏	Pearlwood Fence
2213	ShadewoodFence	暗影木栅栏	Shadewood Fence
2214	BrickLayer	砌砖刀	Brick Layer
2215	ExtendoGrip	加长握爪	Extendo Grip
2216	PaintSprayer	喷漆器	Paint Sprayer
2217	PortableCementMixer	便携式水泥搅拌机	Portable Cement Mixer
2218	BeetleHusk	甲虫外壳	Beetle Husk
2219	CelestialMagnet	天界磁石	Celestial Magnet
2220	CelestialEmblem	天界徽章	Celestial Emblem
2221	CelestialCuffs	天界手铐	Celestial Cuffs
2222	PeddlersHat	商贩帽	Peddler's Hat
2223	PulseBow	脉冲弓	Pulse Bow
2224	DynastyChandelier	大王朝灯笼	Large Dynasty Lantern
2225	DynastyLamp	王朝灯	Dynasty Lamp
2226	DynastyLantern	王朝灯笼	Dynasty Lantern
2227	DynastyCandelabra	大王朝蜡烛	Large Dynasty Candle
2228	DynastyChair	王朝椅	Dynasty Chair
2229	DynastyWorkBench	王朝工作台	Dynasty Work Bench
2230	DynastyChest	王朝箱	Dynasty Chest
2231	DynastyBed	王朝床	Dynasty Bed
2232	DynastyBathtub	王朝浴缸	Dynasty Bathtub
2233	DynastyBookcase	王朝书架	Dynasty Bookcase
2234	DynastyCup	王朝杯	Dynasty Cup
2235	DynastyBowl	王朝碗	Dynasty Bowl
2236	DynastyCandle	王朝蜡烛	Dynasty Candle
2237	DynastyClock	王朝时钟	Dynasty Clock
2238	GoldenClock	金时钟	Golden Clock
2239	GlassClock	玻璃时钟	Glass Clock
2240	HoneyClock	蜂蜜时钟	Honey Clock
2241	SteampunkClock	蒸汽朋克时钟	Steampunk Clock
2242	FancyDishes	精致餐具	Fancy Dishes
2243	GlassBowl	玻璃碗	Glass Bowl
2244	WineGlass	葡萄酒杯	Wine Glass
2245	LivingWoodPiano	生命木钢琴	Living Wood Piano
2246	FleshPiano	血肉钢琴	Flesh Piano
2247	FrozenPiano	冰冻钢琴	Frozen Piano
2248	FrozenTable	冰冻桌	Frozen Table
2249	HoneyChest	蜂蜜箱	Honey Chest
2250	SteampunkChest	蒸汽朋克箱	Steampunk Chest
2251	HoneyWorkBench	蜂蜜工作台	Honey Work Bench
2252	FrozenWorkBench	冰冻工作台	Frozen Work Bench
2253	SteampunkWorkBench	蒸汽朋克工作台	Steampunk Work Bench
2254	GlassPiano	玻璃钢琴	Glass Piano
2255	HoneyPiano	蜂蜜钢琴	Honey Piano
2256	SteampunkPiano	蒸汽朋克钢琴	Steampunk Piano
2257	HoneyCup	蜂蜜杯	Honey Cup
2258	SteampunkCup	圣餐杯	Chalice
2259	DynastyTable	王朝桌	Dynasty Table
2260	DynastyWood	王朝木	Dynasty Wood
2261	RedDynastyShingles	红王朝瓦	Red Dynasty Shingles
2262	BlueDynastyShingles	蓝王朝瓦	Blue Dynasty Shingles
2263	WhiteDynastyWall	白王朝墙	White Dynasty Wall
2264	BlueDynastyWall	蓝王朝墙	Blue Dynasty Wall
2265	DynastyDoor	王朝门	Dynasty Door
2266	Sake	清酒	Sake
2267	PadThai	泰式炒面	Pad Thai
2268	Pho	越南河粉	Pho
2269	Revolver	左轮手枪	Revolver
2270	Gatligator	鳄鱼机关枪	Gatligator
2271	ArcaneRuneWall	奥术神符墙	Arcane Rune Wall
2272	WaterGun	水枪	Water Gun
2273	Katana	武士刀	Katana
2274	UltrabrightTorch	超亮火把	Ultrabright Torch
2275	MagicHat	魔法帽	Magic Hat
2276	DiamondRing	钻石戒指	Diamond Ring
2277	Gi	稽古衣	Gi
2278	Kimono	和服	Kimono
2279	GypsyRobe	神秘长袍	Mystic Robe
2280	BeetleWings	甲虫之翼	Beetle Wings
2281	TigerSkin	虎皮	Tiger Skin
2282	LeopardSkin	豹皮	Leopard Skin
2283	ZebraSkin	斑马皮	Zebra Skin
2284	CrimsonCloak	猩红斗篷	Crimson Cloak
2285	MysteriousCape	神秘披风	Mysterious Cape
2286	RedCape	红披风	Red Cape
2287	WinterCape	冬季披风	Winter Cape
2288	FrozenChair	冰冻椅	Frozen Chair
2289	WoodFishingPole	木钓竿	Wood Fishing Pole
2290	Bass	鲈鱼	Bass
2291	ReinforcedFishingPole	强化钓竿	Reinforced Fishing Pole
2292	FiberglassFishingPole	玻璃钢钓竿	Fiberglass Fishing Pole
2293	FisherofSouls	灵魂钓手	Fisher of Souls
2294	GoldenFishingRod	金钓竿	Golden Fishing Rod
2295	MechanicsRod	机械师钓竿	Mechanic's Rod
2296	SittingDucksFishingRod	冤大头钓竿	Sitting Duck's Fishing Pole
2297	Trout	鳟鱼	Trout
2298	Salmon	三文鱼	Salmon
2299	AtlanticCod	大西洋鳕鱼	Atlantic Cod
2300	Tuna	金枪鱼	Tuna
2301	RedSnapper	红鲷鱼	Red Snapper
2302	NeonTetra	霓虹脂鲤	Neon Tetra
2303	ArmoredCavefish	装甲洞穴鱼	Armored Cavefish
2304	Damselfish	雀鲷	Damselfish
2305	CrimsonTigerfish	猩红虎鱼	Crimson Tigerfish
2306	FrostMinnow	寒霜鲦鱼	Frost Minnow
2307	PrincessFish	公主鱼	Princess Fish
2308	GoldenCarp	金鲤鱼	Golden Carp
2309	SpecularFish	镜面鱼	Specular Fish
2310	Prismite	七彩矿鱼	Prismite
2311	VariegatedLardfish	斑驳油鱼	Variegated Lardfish
2312	FlarefinKoi	闪鳍锦鲤	Flarefin Koi
2313	DoubleCod	双鳍鳕鱼	Double Cod
2314	Honeyfin	蜂蜜鱼	Honeyfin
2315	Obsidifish	黑曜石鱼	Obsidifish
2316	Shrimp	虾	Shrimp
2317	ChaosFish	混沌鱼	Chaos Fish
2318	Ebonkoi	黑檀锦鲤	Ebonkoi
2319	Hemopiranha	血腥食人鱼	Hemopiranha
2320	Rockfish	岩鱼锤	Rockfish
2321	Stinkfish	臭味鱼	Stinkfish
2322	MiningPotion	挖矿药水	Mining Potion
2323	HeartreachPotion	拾心药水	Heartreach Potion
2324	CalmingPotion	镇静药水	Calming Potion
2325	BuilderPotion	建筑工药水	Builder Potion
2326	TitanPotion	泰坦药水	Titan Potion
2327	FlipperPotion	脚蹼药水	Flipper Potion
2328	SummoningPotion	召唤药水	Summoning Potion
2329	TrapsightPotion	危险感药水	Dangersense Potion
2330	PurpleClubberfish	紫挥棒鱼	Purple Clubberfish
2331	ObsidianSwordfish	黑曜石剑鱼	Obsidian Swordfish
2332	Swordfish	剑鱼	Swordfish
2333	IronFence	铁栅栏	Iron Fence
2334	WoodenCrate	木匣	Wooden Crate
2335	IronCrate	铁匣	Iron Crate
2336	GoldenCrate	金匣	Golden Crate
2337	OldShoe	旧鞋	Old Shoe
2338	FishingSeaweed	海草	Seaweed
2339	TinCan	锡罐	Tin Can
2340	MinecartTrack	矿车轨道	Minecart Track
2341	ReaverShark	掠夺鲨	Reaver Shark
2342	SawtoothShark	锯齿鲨	Sawtooth Shark
2343	Minecart	矿车	Minecart
2344	AmmoReservationPotion	弹药储备药水	Ammo Reservation Potion
2345	LifeforcePotion	生命力药水	Lifeforce Potion
2346	EndurancePotion	耐力药水	Endurance Potion
2347	RagePotion	暴怒药水	Rage Potion
2348	InfernoPotion	狱火药水	Inferno Potion
2349	WrathPotion	怒气药水	Wrath Potion
2350	RecallPotion	回忆药水	Recall Potion
2351	TeleportationPotion	传送药水	Teleportation Potion
2352	LovePotion	爱情药水	Love Potion
2353	StinkPotion	臭味药水	Stink Potion
2354	FishingPotion	钓鱼药水	Fishing Potion
2355	SonarPotion	声呐药水	Sonar Potion
2356	CratePotion	宝匣药水	Crate Potion
2357	ShiverthornSeeds	寒颤棘种子	Shiverthorn Seeds
2358	Shiverthorn	寒颤棘	Shiverthorn
2359	WarmthPotion	保暖药水	Warmth Potion
2360	FishHook	鱼钩	Fish Hook
2361	BeeHeadgear	蜜蜂头饰	Bee Headgear
2362	BeeBreastplate	蜜蜂胸甲	Bee Breastplate
2363	BeeGreaves	蜜蜂护胫	Bee Greaves
2364	HornetStaff	黄蜂法杖	Hornet Staff
2365	ImpStaff	小鬼法杖	Imp Staff
2366	QueenSpiderStaff	蜘蛛女王法杖	Queen Spider Staff
2367	AnglerHat	渔夫帽	Angler Hat
2368	AnglerVest	渔夫背心	Angler Vest
2369	AnglerPants	渔夫裤	Angler Pants
2370	SpiderMask	蜘蛛面具	Spider Mask
2371	SpiderBreastplate	蜘蛛胸甲	Spider Breastplate
2372	SpiderGreaves	蜘蛛护胫	Spider Greaves
2373	HighTestFishingLine	优质钓鱼线	High Test Fishing Line
2374	AnglerEarring	渔夫耳环	Angler Earring
2375	TackleBox	钓具箱	Tackle Box
2376	BlueDungeonPiano	蓝地牢钢琴	Blue Dungeon Piano
2377	GreenDungeonPiano	绿地牢钢琴	Green Dungeon Piano
2378	PinkDungeonPiano	粉地牢钢琴	Pink Dungeon Piano
2379	GoldenPiano	金钢琴	Golden Piano
2380	ObsidianPiano	黑曜石钢琴	Obsidian Piano
2381	BonePiano	骨头钢琴	Bone Piano
2382	CactusPiano	仙人掌钢琴	Cactus Piano
2383	SpookyPiano	阴森钢琴	Spooky Piano
2384	SkywarePiano	天域钢琴	Skyware Piano
2385	LihzahrdPiano	丛林蜥蜴钢琴	Lihzahrd Piano
2386	BlueDungeonDresser	蓝地牢梳妆台	Blue Dungeon Dresser
2387	GreenDungeonDresser	绿地牢梳妆台	Green Dungeon Dresser
2388	PinkDungeonDresser	粉地牢梳妆台	Pink Dungeon Dresser
2389	GoldenDresser	金梳妆台	Golden Dresser
2390	ObsidianDresser	黑曜石梳妆台	Obsidian Dresser
2391	BoneDresser	骨头梳妆台	Bone Dresser
2392	CactusDresser	仙人掌梳妆台	Cactus Dresser
2393	SpookyDresser	阴森梳妆台	Spooky Dresser
2394	SkywareDresser	天域梳妆台	Skyware Dresser
2395	HoneyDresser	蜂蜜梳妆台	Honey Dresser
2396	LihzahrdDresser	丛林蜥蜴梳妆台	Lihzahrd Dresser
2397	Sofa	沙发	Sofa
2398	EbonwoodSofa	乌木沙发	Ebonwood Sofa
2399	RichMahoganySofa	红木沙发	Rich Mahogany Sofa
2400	PearlwoodSofa	珍珠木沙发	Pearlwood Sofa
2401	ShadewoodSofa	暗影木沙发	Shadewood Sofa
2402	BlueDungeonSofa	蓝地牢沙发	Blue Dungeon Sofa
2403	GreenDungeonSofa	绿地牢沙发	Green Dungeon Sofa
2404	PinkDungeonSofa	粉地牢沙发	Pink Dungeon Sofa
2405	GoldenSofa	金沙发	Golden Sofa
2406	ObsidianSofa	黑曜石沙发	Obsidian Sofa
2407	BoneSofa	骨头沙发	Bone Sofa
2408	CactusSofa	仙人掌沙发	Cactus Sofa
2409	SpookySofa	阴森沙发	Spooky Sofa
2410	SkywareSofa	天域沙发	Skyware Sofa
2411	HoneySofa	蜂蜜沙发	Honey Sofa
2412	SteampunkSofa	蒸汽朋克沙发	Steampunk Sofa
2413	MushroomSofa	蘑菇沙发	Mushroom Sofa
2414	GlassSofa	玻璃沙发	Glass Sofa
2415	PumpkinSofa	南瓜沙发	Pumpkin Sofa
2416	LihzahrdSofa	丛林蜥蜴沙发	Lihzahrd Sofa
2417	SeashellHairpin	贝壳发夹	Seashell Hairpin
2418	MermaidAdornment	美人鱼饰品	Mermaid Adornment
2419	MermaidTail	美人鱼鱼尾裤	Mermaid Tail
2420	ZephyrFish	和风鱼	Zephyr Fish
2421	Fleshcatcher	捕肉手	Fleshcatcher
2422	HotlineFishingHook	熔线钓钩	Hotline Fishing Hook
2423	FrogLeg	蛙腿	Frog Leg
2424	Anchor	锚	Anchor
2425	CookedFish	熟鱼	Cooked Fish
2426	CookedShrimp	熟虾	Cooked Shrimp
2427	Sashimi	生鱼片	Sashimi
2428	FuzzyCarrot	绒毛胡萝卜	Fuzzy Carrot
2429	ScalyTruffle	带鳞松露	Scaly Truffle
2430	SlimySaddle	粘鞍	Slimy Saddle
2431	BeeWax	蜂蜡	Bee Wax
2432	CopperPlatingWall	铜护板墙	Copper Plating Wall
2433	StoneSlabWall	石板墙	Stone Slab Wall
2434	Sail	船帆	Sail
2435	CoralstoneBlock	珊瑚石块	Coralstone Block
2436	BlueJellyfish	蓝水母	Blue Jellyfish
2437	GreenJellyfish	绿水母	Green Jellyfish
2438	PinkJellyfish	粉水母	Pink Jellyfish
2439	BlueJellyfishJar	蓝水母罐	Blue Jellyfish Jar
2440	GreenJellyfishJar	绿水母罐	Green Jellyfish Jar
2441	PinkJellyfishJar	粉水母罐	Pink Jellyfish Jar
2442	LifePreserver	救生圈	Life Preserver
2443	ShipsWheel	舵轮	Ship's Wheel
2444	CompassRose	罗盘针	Compass Rose
2445	WallAnchor	墙锚	Wall Anchor
2446	GoldfishTrophy	金鱼纪念章	Goldfish Trophy
2447	BunnyfishTrophy	兔兔鱼纪念章	Bunnyfish Trophy
2448	SwordfishTrophy	剑鱼纪念章	Swordfish Trophy
2449	SharkteethTrophy	鲨牙纪念章	Sharkteeth Trophy
2450	Batfish	蝙蝠鱼	Batfish
2451	BumblebeeTuna	大黄蜂金枪鱼	Bumblebee Tuna
2452	Catfish	猫鱼	Catfish
2453	Cloudfish	云鱼	Cloudfish
2454	Cursedfish	诅咒鱼	Cursedfish
2455	Dirtfish	土鱼	Dirtfish
2456	DynamiteFish	雷管鱼	Dynamite Fish
2457	EaterofPlankton	浮游噬鱼	Eater of Plankton
2458	FallenStarfish	坠落星鱼	Fallen Starfish
2459	TheFishofCthulu	克苏鲁鱼	The Fish of Cthulhu
2460	Fishotron	骷髅王鱼	Fishotron
2461	Harpyfish	鸟妖鱼	Harpyfish
2462	Hungerfish	饿鬼鱼	Hungerfish
2463	Ichorfish	灵液鱼	Ichorfish
2464	Jewelfish	珠宝鱼	Jewelfish
2465	MirageFish	幻象鱼	Mirage Fish
2466	MutantFlinxfin	突变雪怪鱼	Mutant Flinxfin
2467	Pengfish	企鹅鱼	Pengfish
2468	Pixiefish	妖精鱼	Pixiefish
2469	Spiderfish	蜘蛛鱼	Spiderfish
2470	TundraTrout	苔原鳟鱼	Tundra Trout
2471	UnicornFish	独角兽鱼	Unicorn Fish
2472	GuideVoodooFish	向导巫毒鱼	Guide Voodoo Fish
2473	Wyverntail	飞龙尾	Wyverntail
2474	ZombieFish	僵尸鱼	Zombie Fish
2475	AmanitaFungifin	毒菌鱼	Amanita Fungifin
2476	Angelfish	天使鱼	Angelfish
2477	BloodyManowar	血腥战神	Bloody Manowar
2478	Bonefish	骷髅鱼	Bonefish
2479	Bunnyfish	兔兔鱼	Bunnyfish
2480	CapnTunabeard	金枪鱼须船长	Cap'n Tunabeard
2481	Clownfish	小丑鱼	Clownfish
2482	DemonicHellfish	恶魔地狱鱼	Demonic Hellfish
2483	Derpfish	跳跳鱼	Derpfish
2484	Fishron	猪龙鱼	Fishron
2485	InfectedScabbardfish	染病鞘鱼	Infected Scabbardfish
2486	Mudfish	泥鱼	Mudfish
2487	Slimefish	史莱姆鱼	Slimefish
2488	TropicalBarracuda	热带梭鱼	Tropical Barracuda
2489	KingSlimeTrophy	史莱姆王纪念章	King Slime Trophy
2490	ShipInABottle	船舶瓶	Ship in a Bottle
2491	HardySaddle	硬鞍	Hardy Saddle
2492	PressureTrack	压力板轨道	Pressure Plate Track
2493	KingSlimeMask	史莱姆王面具	King Slime Mask
2494	FinWings	鳍翼	Fin Wings
2495	TreasureMap	宝藏地图	Treasure Map
2496	SeaweedPlanter	海草花盆	Seaweed Planter
2497	PillaginMePixels	海贼像素画	Pillagin' Me Pixels
2498	FishCostumeMask	鱼装面具	Fish Costume Mask
2499	FishCostumeShirt	鱼装衣	Fish Costume Shirt
2500	FishCostumeFinskirt	鱼装鳍裙	Fish Costume Finskirt
2501	GingerBeard	姜须	Ginger Beard
2502	HoneyedGoggles	涂蜜护目镜	Honeyed Goggles
2503	BorealWood	针叶木	Boreal Wood
2504	PalmWood	棕榈木	Palm Wood
2505	BorealWoodWall	针叶木墙	Boreal Wood Wall
2506	PalmWoodWall	棕榈木墙	Palm Wood Wall
2507	BorealWoodFence	针叶木栅栏	Boreal Wood Fence
2508	PalmWoodFence	棕榈木栅栏	Palm Wood Fence
2509	BorealWoodHelmet	针叶木头盔	Boreal Wood Helmet
2510	BorealWoodBreastplate	针叶木胸甲	Boreal Wood Breastplate
2511	BorealWoodGreaves	针叶木护胫	Boreal Wood Greaves
2512	PalmWoodHelmet	棕榈木头盔	Palm Wood Helmet
2513	PalmWoodBreastplate	棕榈木胸甲	Palm Wood Breastplate
2514	PalmWoodGreaves	棕榈木护胫	Palm Wood Greaves
2515	PalmWoodBow	棕榈木弓	Palm Wood Bow
2516	PalmWoodHammer	棕榈木锤	Palm Wood Hammer
2517	PalmWoodSword	棕榈木剑	Palm Wood Sword
2518	PalmWoodPlatform	棕榈木平台	Palm Wood Platform
2519	PalmWoodBathtub	棕榈木浴缸	Palm Wood Bathtub
2520	PalmWoodBed	棕榈木床	Palm Wood Bed
2521	PalmWoodBench	棕榈木长椅	Palm Wood Bench
2522	PalmWoodCandelabra	棕榈木烛台	Palm Wood Candelabra
2523	PalmWoodCandle	棕榈木蜡烛	Palm Wood Candle
2524	PalmWoodChair	棕榈木椅	Palm Wood Chair
2525	PalmWoodChandelier	棕榈木吊灯	Palm Wood Chandelier
2526	PalmWoodChest	棕榈木箱	Palm Wood Chest
2527	PalmWoodSofa	棕榈木沙发	Palm Wood Sofa
2528	PalmWoodDoor	棕榈木门	Palm Wood Door
2529	PalmWoodDresser	棕榈木梳妆台	Palm Wood Dresser
2530	PalmWoodLantern	棕榈木灯笼	Palm Wood Lantern
2531	PalmWoodPiano	棕榈木钢琴	Palm Wood Piano
2532	PalmWoodTable	棕榈木桌	Palm Wood Table
2533	PalmWoodLamp	棕榈木灯	Palm Wood Lamp
2534	PalmWoodWorkBench	棕榈木工作台	Palm Wood Work Bench
2535	OpticStaff	魔眼法杖	Optic Staff
2536	PalmWoodBookcase	棕榈木书架	Palm Wood Bookcase
2537	MushroomBathtub	蘑菇浴缸	Mushroom Bathtub
2538	MushroomBed	蘑菇床	Mushroom Bed
2539	MushroomBench	蘑菇长椅	Mushroom Bench
2540	MushroomBookcase	蘑菇书架	Mushroom Bookcase
2541	MushroomCandelabra	蘑菇烛台	Mushroom Candelabra
2542	MushroomCandle	蘑菇蜡烛	Mushroom Candle
2543	MushroomChandelier	蘑菇吊灯	Mushroom Chandelier
2544	MushroomChest	蘑菇箱	Mushroom Chest
2545	MushroomDresser	蘑菇梳妆台	Mushroom Dresser
2546	MushroomLantern	蘑菇灯笼	Mushroom Lantern
2547	MushroomLamp	蘑菇灯	Mushroom Lamp
2548	MushroomPiano	蘑菇钢琴	Mushroom Piano
2549	MushroomPlatform	蘑菇平台	Mushroom Platform
2550	MushroomTable	蘑菇桌	Mushroom Table
2551	SpiderStaff	蜘蛛法杖	Spider Staff
2552	BorealWoodBathtub	针叶木浴缸	Boreal Wood Bathtub
2553	BorealWoodBed	针叶木床	Boreal Wood Bed
2554	BorealWoodBookcase	针叶木书架	Boreal Wood Bookcase
2555	BorealWoodCandelabra	针叶木烛台	Boreal Wood Candelabra
2556	BorealWoodCandle	针叶木蜡烛	Boreal Wood Candle
2557	BorealWoodChair	针叶木椅	Boreal Wood Chair
2558	BorealWoodChandelier	针叶木吊灯	Boreal Wood Chandelier
2559	BorealWoodChest	针叶木箱	Boreal Wood Chest
2560	BorealWoodClock	针叶木时钟	Boreal Wood Clock
2561	BorealWoodDoor	针叶木门	Boreal Wood Door
2562	BorealWoodDresser	针叶木梳妆台	Boreal Wood Dresser
2563	BorealWoodLamp	针叶木灯	Boreal Wood Lamp
2564	BorealWoodLantern	针叶木灯笼	Boreal Wood Lantern
2565	BorealWoodPiano	针叶木钢琴	Boreal Wood Piano
2566	BorealWoodPlatform	针叶木平台	Boreal Wood Platform
2567	SlimeBathtub	史莱姆浴缸	Slime Bathtub
2568	SlimeBed	史莱姆床	Slime Bed
2569	SlimeBookcase	史莱姆书架	Slime Bookcase
2570	SlimeCandelabra	史莱姆烛台	Slime Candelabra
2571	SlimeCandle	史莱姆蜡烛	Slime Candle
2572	SlimeChair	史莱姆椅	Slime Chair
2573	SlimeChandelier	史莱姆吊灯	Slime Chandelier
2574	SlimeChest	史莱姆箱	Slime Chest
2575	SlimeClock	史莱姆时钟	Slime Clock
2576	SlimeDoor	史莱姆门	Slime Door
2577	SlimeDresser	史莱姆梳妆台	Slime Dresser
2578	SlimeLamp	史莱姆灯	Slime Lamp
2579	SlimeLantern	史莱姆灯笼	Slime Lantern
2580	SlimePiano	史莱姆钢琴	Slime Piano
2581	SlimePlatform	史莱姆平台	Slime Platform
2582	SlimeSofa	史莱姆沙发	Slime Sofa
2583	SlimeTable	史莱姆桌	Slime Table
2584	PirateStaff	海盗法杖	Pirate Staff
2585	SlimeHook	史莱姆钩	Slime Hook
2586	StickyGrenade	粘性手榴弹	Sticky Grenade
2587	TartarSauce	魅惑里拉琴	Beguiling Lyre
2588	DukeFishronMask	猪龙鱼公爵面具	Duke Fishron Mask
2589	DukeFishronTrophy	猪龙鱼公爵纪念章	Duke Fishron Trophy
2590	MolotovCocktail	莫洛托夫鸡尾酒	Molotov Cocktail
2591	BoneClock	骨头时钟	Bone Clock
2592	CactusClock	仙人掌时钟	Cactus Clock
2593	EbonwoodClock	乌木时钟	Ebonwood Clock
2594	FrozenClock	冰冻时钟	Frozen Clock
2595	LihzahrdClock	丛林蜥蜴时钟	Lihzahrd Clock
2596	LivingWoodClock	生命木时钟	Living Wood Clock
2597	RichMahoganyClock	红木时钟	Rich Mahogany Clock
2598	FleshClock	血肉时钟	Flesh Clock
2599	MushroomClock	蘑菇时钟	Mushroom Clock
2600	ObsidianClock	黑曜石时钟	Obsidian Clock
2601	PalmWoodClock	棕榈木时钟	Palm Wood Clock
2602	PearlwoodClock	珍珠木时钟	Pearlwood Clock
2603	PumpkinClock	南瓜时钟	Pumpkin Clock
2604	ShadewoodClock	暗影木时钟	Shadewood Clock
2605	SpookyClock	阴森时钟	Spooky Clock
2606	SkywareClock	天域时钟	Skyware Clock
2607	SpiderFang	蜘蛛牙	Spider Fang
2608	FalconBlade	猎鹰刃	Falcon Blade
2609	FishronWings	猪龙鱼之翼	Fishron Wings
2610	SlimeGun	史莱姆枪	Slime Gun
2611	Flairon	猪龙鱼链球	Flairoon
2612	GreenDungeonChest	绿地牢箱	Green Dungeon Chest
2613	PinkDungeonChest	粉地牢箱	Pink Dungeon Chest
2614	BlueDungeonChest	蓝地牢箱	Blue Dungeon Chest
2615	BoneChest	骨箱	Bone Chest
2616	CactusChest	仙人掌箱	Cactus Chest
2617	FleshChest	血肉箱	Flesh Chest
2618	ObsidianChest	黑曜石箱	Obsidian Chest
2619	PumpkinChest	南瓜箱	Pumpkin Chest
2620	SpookyChest	阴森箱	Spooky Chest
2621	TempestStaff	暴风雨法杖	Tempest Staff
2622	RazorbladeTyphoon	利刃台风	Razorblade Typhoon
2623	BubbleGun	泡泡枪	Bubble Gun
2624	Tsunami	海啸	Tsunami
2625	Seashell	贝壳	Seashell
2626	Starfish	海星	Starfish
2627	SteampunkPlatform	蒸汽朋克平台	Steampunk Platform
2628	SkywarePlatform	天域平台	Skyware Platform
2629	LivingWoodPlatform	生命木平台	Living Wood Platform
2630	HoneyPlatform	蜂蜜平台	Honey Platform
2631	SkywareWorkbench	天域工作台	Skyware Work Bench
2632	GlassWorkBench	玻璃工作台	Glass Work Bench
2633	LivingWoodWorkBench	生命木工作台	Living Wood Work Bench
2634	FleshSofa	血肉沙发	Flesh Sofa
2635	FrozenSofa	冰冻沙发	Frozen Sofa
2636	LivingWoodSofa	生命木沙发	Living Wood Sofa
2637	PumpkinDresser	南瓜梳妆台	Pumpkin Dresser
2638	SteampunkDresser	蒸汽朋克梳妆台	Steampunk Dresser
2639	GlassDresser	玻璃梳妆台	Glass Dresser
2640	FleshDresser	血肉梳妆台	Flesh Dresser
2641	PumpkinLantern	南瓜灯笼	Pumpkin Lantern
2642	ObsidianLantern	黑曜石灯笼	Obsidian Lantern
2643	PumpkinLamp	南瓜灯	Pumpkin Lamp
2644	ObsidianLamp	黑曜石灯	Obsidian Lamp
2645	BlueDungeonLamp	蓝地牢灯	Blue Dungeon Lamp
2646	GreenDungeonLamp	绿地牢灯	Green Dungeon Lamp
2647	PinkDungeonLamp	粉地牢灯	Pink Dungeon Lamp
2648	HoneyCandle	蜂蜜蜡烛	Honey Candle
2649	SteampunkCandle	蒸汽朋克蜡烛	Steampunk Candle
2650	SpookyCandle	阴森蜡烛	Spooky Candle
2651	ObsidianCandle	黑曜石蜡烛	Obsidian Candle
2652	BlueDungeonChandelier	蓝地牢吊灯	Blue Dungeon Chandelier
2653	GreenDungeonChandelier	绿地牢吊灯	Green Dungeon Chandelier
2654	PinkDungeonChandelier	粉地牢吊灯	Pink Dungeon Chandelier
2655	SteampunkChandelier	蒸汽朋克吊灯	Steampunk Chandelier
2656	PumpkinChandelier	南瓜吊灯	Pumpkin Chandelier
2657	ObsidianChandelier	黑曜石吊灯	Obsidian Chandelier
2658	BlueDungeonBathtub	蓝地牢浴缸	Blue Dungeon Bathtub
2659	GreenDungeonBathtub	绿地牢浴缸	Green Dungeon Bathtub
2660	PinkDungeonBathtub	粉地牢浴缸	Pink Dungeon Bathtub
2661	PumpkinBathtub	南瓜浴缸	Pumpkin Bathtub
2662	ObsidianBathtub	黑曜石浴缸	Obsidian Bathtub
2663	GoldenBathtub	金浴缸	Golden Bathtub
2664	BlueDungeonCandelabra	蓝地牢烛台	Blue Dungeon Candelabra
2665	GreenDungeonCandelabra	绿地牢烛台	Green Dungeon Candelabra
2666	PinkDungeonCandelabra	粉地牢烛台	Pink Dungeon Candelabra
2667	ObsidianCandelabra	黑曜石烛台	Obsidian Candelabra
2668	PumpkinCandelabra	南瓜烛台	Pumpkin Candelabra
2669	PumpkinBed	南瓜床	Pumpkin Bed
2670	PumpkinBookcase	南瓜书架	Pumpkin Bookcase
2671	PumpkinPiano	南瓜钢琴	Pumpkin Piano
2672	SharkStatue	鲨鱼雕像	Shark Statue
2673	TruffleWorm	松露虫	Truffle Worm
2674	ApprenticeBait	学徒诱饵	Apprentice Bait
2675	JourneymanBait	熟手诱饵	Journeyman Bait
2676	MasterBait	大师诱饵	Master Bait
2677	AmberGemsparkWall	琥珀晶莹宝石墙	Amber Gemspark Wall
2678	AmberGemsparkWallOff	黯淡琥珀晶莹宝石墙	Offline Amber Gemspark Wall
2679	AmethystGemsparkWall	紫晶晶莹宝石墙	Amethyst Gemspark Wall
2680	AmethystGemsparkWallOff	黯淡紫晶晶莹宝石墙	Offline Amethyst Gemspark Wall
2681	DiamondGemsparkWall	钻石晶莹宝石墙	Diamond Gemspark Wall
2682	DiamondGemsparkWallOff	黯淡钻石晶莹宝石墙	Offline Diamond Gemspark Wall
2683	EmeraldGemsparkWall	翡翠晶莹宝石墙	Emerald Gemspark Wall
2684	EmeraldGemsparkWallOff	黯淡翡翠晶莹宝石墙	Offline Emerald Gemspark Wall
2685	RubyGemsparkWall	红玉晶莹宝石墙	Ruby Gemspark Wall
2686	RubyGemsparkWallOff	黯淡红玉晶莹宝石墙	Offline Ruby Gemspark Wall
2687	SapphireGemsparkWall	蓝玉晶莹宝石墙	Sapphire Gemspark Wall
2688	SapphireGemsparkWallOff	黯淡蓝玉晶莹宝石墙	Offline Sapphire Gemspark Wall
2689	TopazGemsparkWall	黄玉晶莹宝石墙	Topaz Gemspark Wall
2690	TopazGemsparkWallOff	黯淡黄玉晶莹宝石墙	Offline Topaz Gemspark Wall
2691	TinPlatingWall	锡护板墙	Tin Plating Wall
2692	TinPlating	锡护板	Tin Plating
2693	WaterfallBlock	瀑布块	Waterfall Block
2694	LavafallBlock	熔岩瀑布块	Lavafall Block
2695	ConfettiBlock	彩纸块	Confetti Block
2696	ConfettiWall	彩纸墙	Confetti Wall
2697	ConfettiBlockBlack	午夜彩纸块	Midnight Confetti Block
2698	ConfettiWallBlack	午夜彩纸墙	Midnight Confetti Wall
2699	WeaponRack	武器架	Weapon Rack
2700	FireworksBox	烟花盒	Fireworks Box
2701	LivingFireBlock	活火块	Living Fire Block
2702	AlphabetStatue0	0字雕像	'0' Statue
2703	AlphabetStatue1	1字雕像	'1' Statue
2704	AlphabetStatue2	2字雕像	'2' Statue
2705	AlphabetStatue3	3字雕像	'3' Statue
2706	AlphabetStatue4	4字雕像	'4' Statue
2707	AlphabetStatue5	5字雕像	'5' Statue
2708	AlphabetStatue6	6字雕像	'6' Statue
2709	AlphabetStatue7	7字雕像	'7' Statue
2710	AlphabetStatue8	8字雕像	'8' Statue
2711	AlphabetStatue9	9字雕像	'9' Statue
2712	AlphabetStatueA	A字雕像	'A' Statue
2713	AlphabetStatueB	B字雕像	'B' Statue
2714	AlphabetStatueC	C字雕像	'C' Statue
2715	AlphabetStatueD	D字雕像	'D' Statue
2716	AlphabetStatueE	E字雕像	'E' Statue
2717	AlphabetStatueF	F字雕像	'F' Statue
2718	AlphabetStatueG	G字雕像	'G' Statue
2719	AlphabetStatueH	H字雕像	'H' Statue
2720	AlphabetStatueI	I字雕像	'I' Statue
2721	AlphabetStatueJ	J字雕像	'J' Statue
2722	AlphabetStatueK	K字雕像	'K' Statue
2723	AlphabetStatueL	L字雕像	'L' Statue
2724	AlphabetStatueM	M字雕像	'M' Statue
2725	AlphabetStatueN	N字雕像	'N' Statue
2726	AlphabetStatueO	O字雕像	'O' Statue
2727	AlphabetStatueP	P字雕像	'P' Statue
2728	AlphabetStatueQ	Q字雕像	'Q' Statue
2729	AlphabetStatueR	R字雕像	'R' Statue
2730	AlphabetStatueS	S字雕像	'S' Statue
2731	AlphabetStatueT	T字雕像	'T' Statue
2732	AlphabetStatueU	U字雕像	'U' Statue
2733	AlphabetStatueV	V字雕像	'V' Statue
2734	AlphabetStatueW	W字雕像	'W' Statue
2735	AlphabetStatueX	X字雕像	'X' Statue
2736	AlphabetStatueY	Y字雕像	'Y' Statue
2737	AlphabetStatueZ	Z字雕像	'Z' Statue
2738	FireworkFountain	烟花喷泉	Firework Fountain
2739	BoosterTrack	增速轨道	Booster Track
2740	Grasshopper	蚱蜢	Grasshopper
2741	GrasshopperCage	蚱蜢笼	Grasshopper Cage
2742	MusicBoxUndergroundCrimson	八音盒（地下猩红之地）	Music Box (Underground Crimson)
2743	CactusTable	仙人掌桌	Cactus Table
2744	CactusPlatform	仙人掌平台	Cactus Platform
2745	BorealWoodSword	针叶木剑	Boreal Wood Sword
2746	BorealWoodHammer	针叶木锤	Boreal Wood Hammer
2747	BorealWoodBow	针叶木弓	Boreal Wood Bow
2748	GlassChest	玻璃箱	Glass Chest
2749	XenoStaff	外星法杖	Xeno Staff
2750	MeteorStaff	流星法杖	Meteor Staff
2751	LivingCursedFireBlock	诅咒活火块	Living Cursed Fire Block
2752	LivingDemonFireBlock	恶魔活火块	Living Demon Fire Block
2753	LivingFrostFireBlock	寒霜活火块	Living Frost Fire Block
2754	LivingIchorBlock	灵液活火块	Living Ichor Block
2755	LivingUltrabrightFireBlock	超亮活火块	Living Ultrabright Fire Block
2756	GenderChangePotion	变性药水	Gender Change Potion
2757	VortexHelmet	星旋头盔	Vortex Helmet
2758	VortexBreastplate	星旋胸甲	Vortex Breastplate
2759	VortexLeggings	星旋护腿	Vortex Leggings
2760	NebulaHelmet	星云头盔	Nebula Helmet
2761	NebulaBreastplate	星云胸甲	Nebula Breastplate
2762	NebulaLeggings	星云护腿	Nebula Leggings
2763	SolarFlareHelmet	耀斑头盔	Solar Flare Helmet
2764	SolarFlareBreastplate	耀斑胸甲	Solar Flare Breastplate
2765	SolarFlareLeggings	耀斑护腿	Solar Flare Leggings
2766	LunarTabletFragment	日耀碑牌碎片	Solar Tablet Fragment
2767	SolarTablet	日耀碑牌	Solar Tablet
2768	DrillContainmentUnit	钻头控制装置	Drill Containment Unit
2769	CosmicCarKey	宇宙车钥匙	Cosmic Car Key
2770	MothronWings	蛾怪之翼	Mothron Wings
2771	BrainScrambler	扰脑器	Brain Scrambler
2772	VortexAxe	星旋斧	Vortex Axe
2773	VortexChainsaw	星旋链锯	Vortex Chainsaw
2774	VortexDrill	星旋钻头	Vortex Drill
2775	VortexHammer	星旋锤	Vortex Hammer
2776	VortexPickaxe	星旋镐	Vortex Pickaxe
2777	NebulaAxe	星云斧	Nebula Axe
2778	NebulaChainsaw	星云链锯	Nebula Chainsaw
2779	NebulaDrill	星云钻头	Nebula Drill
2780	NebulaHammer	星云锤	Nebula Hammer
2781	NebulaPickaxe	星云镐	Nebula Pickaxe
2782	SolarFlareAxe	耀斑斧	Solar Flare Axe
2783	SolarFlareChainsaw	耀斑链锯	Solar Flare Chainsaw
2784	SolarFlareDrill	耀斑钻头	Solar Flare Drill
2785	SolarFlareHammer	耀斑锤	Solar Flare Hammer
2786	SolarFlarePickaxe	耀斑镐	Solar Flare Pickaxe
2787	HoneyfallBlock	蜂蜜瀑布块	Honeyfall Block
2788	HoneyfallWall	蜂蜜瀑布墙	Honeyfall Wall
2789	ChlorophyteBrickWall	叶绿砖墙	Chlorophyte Brick Wall
2790	CrimtaneBrickWall	猩红矿砖墙	Crimtane Brick Wall
2791	ShroomitePlatingWall	蘑菇矿护板墙	Shroomite Plating Wall
2792	ChlorophyteBrick	叶绿砖	Chlorophyte Brick
2793	CrimtaneBrick	猩红矿砖	Crimtane Brick
2794	ShroomitePlating	蘑菇矿护板	Shroomite Plating
2795	LaserMachinegun	激光机枪	Laser Machinegun
2796	ElectrosphereLauncher	电圈发射器	Electrosphere Launcher
2797	Xenopopper	外星霰弹枪	Xenopopper
2798	LaserDrill	激光钻头	Laser Drill
2799	LaserRuler	机械标尺	Mechanical Ruler
2800	AntiGravityHook	反重力钩	Anti-Gravity Hook
2801	MoonMask	月亮面具	Moon Mask
2802	SunMask	太阳面具	Sun Mask
2803	MartianCostumeMask	火星装面具	Martian Costume Mask
2804	MartianCostumeShirt	火星装衣	Martian Costume Shirt
2805	MartianCostumePants	火星装裤	Martian Costume Pants
2806	MartianUniformHelmet	火星制服头盔	Martian Uniform Helmet
2807	MartianUniformTorso	火星制服上衣	Martian Uniform Torso
2808	MartianUniformPants	火星制服裤	Martian Uniform Pants
2809	MartianAstroClock	火星占星钟	Martian Astro Clock
2810	MartianBathtub	火星浴缸	Martian Bathtub
2811	MartianBed	火星床	Martian Bed
2812	MartianHoverChair	火星摇摆椅	Martian Hover Chair
2813	MartianChandelier	火星吊灯	Martian Chandelier
2814	MartianChest	火星箱	Martian Chest
2815	MartianDoor	火星门	Martian Door
2816	MartianDresser	火星梳妆台	Martian Dresser
2817	MartianHolobookcase	火星整体书架	Martian Holobookcase
2818	MartianHoverCandle	火星摇摆蜡烛	Martian Hover Candle
2819	MartianLamppost	火星灯柱	Martian Lamppost
2820	MartianLantern	火星灯笼	Martian Lantern
2821	MartianPiano	火星钢琴	Martian Piano
2822	MartianPlatform	火星平台	Martian Platform
2823	MartianSofa	火星沙发	Martian Sofa
2824	MartianTable	火星桌	Martian Table
2825	MartianTableLamp	火星桌灯	Martian Table Lamp
2826	MartianWorkBench	火星工作台	Martian Work Bench
2827	WoodenSink	木水槽	Wooden Sink
2828	EbonwoodSink	乌木水槽	Ebonwood Sink
2829	RichMahoganySink	红木水槽	Rich Mahogany Sink
2830	PearlwoodSink	珍珠木水槽	Pearlwood Sink
2831	BoneSink	骨头水槽	Bone Sink
2832	FleshSink	血肉水槽	Flesh Sink
2833	LivingWoodSink	生命木水槽	Living Wood Sink
2834	SkywareSink	天域水槽	Skyware Sink
2835	ShadewoodSink	暗影木水槽	Shadewood Sink
2836	LihzahrdSink	丛林蜥蜴水槽	Lihzahrd Sink
2837	BlueDungeonSink	蓝地牢水槽	Blue Dungeon Sink
2838	GreenDungeonSink	绿地牢水槽	Green Dungeon Sink
2839	PinkDungeonSink	粉地牢水槽	Pink Dungeon Sink
2840	ObsidianSink	黑曜石水槽	Obsidian Sink
2841	MetalSink	金属水槽	Metal Sink
2842	GlassSink	玻璃水槽	Glass Sink
2843	GoldenSink	金水槽	Golden Sink
2844	HoneySink	蜂蜜水槽	Honey Sink
2845	SteampunkSink	蒸汽朋克水槽	Steampunk Sink
2846	PumpkinSink	南瓜水槽	Pumpkin Sink
2847	SpookySink	阴森水槽	Spooky Sink
2848	FrozenSink	冰冻水槽	Frozen Sink
2849	DynastySink	王朝水槽	Dynasty Sink
2850	PalmWoodSink	棕榈木水槽	Palm Wood Sink
2851	MushroomSink	蘑菇水槽	Mushroom Sink
2852	BorealWoodSink	针叶木水槽	Boreal Wood Sink
2853	SlimeSink	史莱姆水槽	Slime Sink
2854	CactusSink	仙人掌水槽	Cactus Sink
2855	MartianSink	火星水槽	Martian Sink
2856	WhiteLunaticHood	日耀邪教徒兜帽	Solar Cultist Hood
2857	BlueLunaticHood	月亮邪教徒兜帽	Lunar Cultist Hood
2858	WhiteLunaticRobe	日耀邪教徒长袍	Solar Cultist Robe
2859	BlueLunaticRobe	月亮邪教徒长袍	Lunar Cultist Robe
2860	MartianConduitPlating	火星管道护板	Martian Conduit Plating
2861	MartianConduitWall	火星管道墙	Martian Conduit Wall
2862	HiTekSunglasses	高科技墨镜	HiTek Sunglasses
2863	MartianHairDye	火星染发剂	Martian Hair Dye
2864	MartianArmorDye	火星染料	Martian Dye
2865	PaintingCastleMarsberg	火星贝格城堡	Castle Marsberg
2866	PaintingMartiaLisa	火娜丽莎	Martia Lisa
2867	PaintingTheTruthIsUpThere	真理就在火星	The Truth Is Up There
2868	SmokeBlock	烟雾块	Smoke Block
2869	LivingFlameDye	鲜艳红焰染料	Living Flame Dye
2870	LivingRainbowDye	鲜艳彩虹染料	Living Rainbow Dye
2871	ShadowDye	暗影染料	Shadow Dye
2872	NegativeDye	阴暗染料	Negative Dye
2873	LivingOceanDye	鲜艳海蓝染料	Living Ocean Dye
2874	BrownDye	棕染料	Brown Dye
2875	BrownAndBlackDye	棕黑染料	Brown and Black Dye
2876	BrightBrownDye	淡棕染料	Bright Brown Dye
2877	BrownAndSilverDye	棕银染料	Brown and Silver Dye
2878	WispDye	妖灵染料	Wisp Dye
2879	PixieDye	妖精染料	Pixie Dye
2880	InfluxWaver	波涌之刃	Influx Waver
2881	PhasicWarpEjector	相位扭曲弹射器	Phasic Warp Ejector
2882	ChargedBlasterCannon	充能爆破炮	Charged Blaster Cannon
2883	ChlorophyteDye	叶绿染料	Chlorophyte Dye
2884	UnicornWispDye	独角妖灵染料	Unicorn Wisp Dye
2885	InfernalWispDye	地狱妖灵染料	Infernal Wisp Dye
2886	ViciousPowder	毒粉	Vicious Powder
2887	ViciousMushroom	毒蘑菇	Vicious Mushroom
2888	BeesKnees	蜂膝弓	The Bee's Knees
2889	GoldBird	金鸟	Gold Bird
2890	GoldBunny	金兔兔	Gold Bunny
2891	GoldButterfly	金蝴蝶	Gold Butterfly
2892	GoldFrog	金蛙	Gold Frog
2893	GoldGrasshopper	金蚱蜢	Gold Grasshopper
2894	GoldMouse	金老鼠	Gold Mouse
2895	GoldWorm	金蠕虫	Gold Worm
2896	StickyDynamite	粘性雷管	Sticky Dynamite
2897	AngryTrapperBanner	愤怒捕手旗	Angry Trapper Banner
2898	ArmoredVikingBanner	装甲维京海盗旗	Armored Viking Banner
2899	BlackSlimeBanner	黑史莱姆旗	Black Slime Banner
2900	BlueArmoredBonesBanner	蓝装甲骷髅旗	Blue Armored Bones Banner
2901	BlueCultistArcherBanner	蓝邪教徒弓箭手旗	Blue Cultist Archer Banner
2902	BlueCultistCasterBanner	拜月教忠教徒旗	Lunatic Devotee Banner
2903	BlueCultistFighterBanner	蓝邪教徒战士旗	Blue Cultist Fighter Banner
2904	BoneLeeBanner	骷髅李旗	Bone Lee Banner
2905	ClingerBanner	爬藤怪旗	Clinger Banner
2906	CochinealBeetleBanner	胭脂虫旗	Cochineal Beetle Banner
2907	CorruptPenguinBanner	腐化企鹅旗	Corrupt Penguin Banner
2908	CorruptSlimeBanner	腐化史莱姆旗	Corrupt Slime Banner
2909	CorruptorBanner	腐化者旗	Corruptor Banner
2910	CrimslimeBanner	猩红史莱姆旗	Crimslime Banner
2911	CursedSkullBanner	诅咒骷髅头旗	Cursed Skull Banner
2912	CyanBeetleBanner	青壳虫旗	Cyan Beetle Banner
2913	DevourerBanner	吞噬怪旗	Devourer Banner
2914	DiablolistBanner	魔教徒旗	Diabolist Banner
2915	DoctorBonesBanner	骷髅博士旗	Doctor Bones Banner
2916	DungeonSlimeBanner	地牢史莱姆旗	Dungeon Slime Banner
2917	DungeonSpiritBanner	地牢幽魂旗	Dungeon Spirit Banner
2918	ElfArcherBanner	精灵弓箭手旗	Elf Archer Banner
2919	ElfCopterBanner	精灵直升机旗	Elf Copter Banner
2920	EyezorBanner	眼怪旗	Eyezor Banner
2921	FlockoBanner	雪花怪旗	Flocko Banner
2922	GhostBanner	鬼魂旗	Ghost Banner
2923	GiantBatBanner	巨型蝙蝠旗	Giant Bat Banner
2924	GiantCursedSkullBanner	巨型诅咒骷髅头旗	Giant Cursed Skull Banner
2925	GiantFlyingFoxBanner	巨型飞狐旗	Giant Flying Fox Banner
2926	GingerbreadManBanner	姜饼人旗	Gingerbread Man Banner
2927	GoblinArcherBanner	哥布林弓箭手旗	Goblin Archer Banner
2928	GreenSlimeBanner	绿史莱姆旗	Green Slime Banner
2929	HeadlessHorsemanBanner	无头骑士旗	Headless Horseman Banner
2930	HellArmoredBonesBanner	地狱装甲骷髅旗	Hell Armored Bones Banner
2931	HellhoundBanner	地狱犬旗	Hellhound Banner
2932	HoppinJackBanner	弹跳杰克南瓜灯旗	Hoppin' Jack Banner
2933	IceBatBanner	冰雪蝙蝠旗	Ice Bat Banner
2934	IceGolemBanner	冰雪巨人旗	Ice Golem Banner
2935	IceSlimeBanner	冰雪史莱姆旗	Ice Slime Banner
2936	IchorStickerBanner	灵液黏黏怪旗	Ichor Sticker Banner
2937	IlluminantBatBanner	夜明蝙蝠旗	Illuminant Bat Banner
2938	IlluminantSlimeBanner	夜明史莱姆旗	Illuminant Slime Banner
2939	JungleBatBanner	丛林蝙蝠旗	Jungle Bat Banner
2940	JungleSlimeBanner	丛林史莱姆旗	Jungle Slime Banner
2941	KrampusBanner	坎卜斯旗	Krampus Banner
2942	LacBeetleBanner	紫胶虫旗	Lac Beetle Banner
2943	LavaBatBanner	熔岩蝙蝠旗	Lava Bat Banner
2944	LavaSlimeBanner	熔岩史莱姆旗	Lava Slime Banner
2945	MartianBrainscramblerBanner	火星扰脑怪旗	Martian Brain Scrambler Banner
2946	MartianDroneBanner	火星飞船旗	Martian Drone Banner
2947	MartianEngineerBanner	火星工程师旗	Martian Engineer Banner
2948	MartianGigazapperBanner	火星电击怪旗	Martian Gigazapper Banner
2949	MartianGreyGruntBanner	火星灰咕噜旗	Martian Gray Grunt Banner
2950	MartianOfficerBanner	火星军官旗	Martian Officer Banner
2951	MartianRaygunnerBanner	火星激光枪手旗	Martian Ray Gunner Banner
2952	MartianScutlixGunnerBanner	火星鳞甲怪枪手旗	Martian Scutlix Gunner Banner
2953	MartianTeslaTurretBanner	火星特斯拉炮塔旗	Martian Tesla Turret Banner
2954	MisterStabbyBanner	戳刺先生旗	Mister Stabby Banner
2955	MotherSlimeBanner	史莱姆之母旗	Mother Slime Banner
2956	NecromancerBanner	死灵法师旗	Necromancer Banner
2957	NutcrackerBanner	胡桃夹士旗	Nutcracker Banner
2958	PaladinBanner	圣骑士旗	Paladin Banner
2959	PenguinBanner	企鹅旗	Penguin Banner
2960	PinkyBanner	粉史莱姆旗	Pinky Banner
2961	PoltergeistBanner	胡闹鬼旗	Poltergeist Banner
2962	PossessedArmorBanner	装甲幻影魔旗	Possessed Armor Banner
2963	PresentMimicBanner	礼物宝箱怪旗	Present Mimic Banner
2964	PurpleSlimeBanner	紫史莱姆旗	Purple Slime Banner
2965	RaggedCasterBanner	褴褛邪教徒法师旗	Ragged Caster Banner
2966	RainbowSlimeBanner	彩虹史莱姆旗	Rainbow Slime Banner
2967	RavenBanner	乌鸦旗	Raven Banner
2968	RedSlimeBanner	红史莱姆旗	Red Slime Banner
2969	RuneWizardBanner	符文巫师旗	Rune Wizard Banner
2970	RustyArmoredBonesBanner	生锈装甲骷髅旗	Rusty Armored Bones Banner
2971	ScarecrowBanner	稻草人旗	Scarecrow Banner
2972	ScutlixBanner	鳞甲怪旗	Scutlix Banner
2973	SkeletonArcherBanner	骷髅弓箭手旗	Skeleton Archer Banner
2974	SkeletonCommandoBanner	骷髅突击手旗	Skeleton Commando Banner
2975	SkeletonSniperBanner	骷髅狙击手旗	Skeleton Sniper Banner
2976	SlimerBanner	恶翅史莱姆旗	Slimer Banner
2977	SnatcherBanner	抓人草旗	Snatcher Banner
2978	SnowBallaBanner	巴拉雪人旗	Snow Balla Banner
2979	SnowmanGangstaBanner	雪人暴徒旗	Snowman Gangsta Banner
2980	SpikedIceSlimeBanner	尖刺冰雪史莱姆旗	Spiked Ice Slime Banner
2981	SpikedJungleSlimeBanner	尖刺丛林史莱姆旗	Spiked Jungle Slime Banner
2982	SplinterlingBanner	树精旗	Splinterling Banner
2983	SquidBanner	乌贼旗	Squid Banner
2984	TacticalSkeletonBanner	骷髅特警旗	Tactical Skeleton Banner
2985	TheGroomBanner	僵尸新郎旗	The Groom Banner
2986	TimBanner	蒂姆旗	Tim Banner
2987	UndeadMinerBanner	不死矿工旗	Undead Miner Banner
2988	UndeadVikingBanner	亡灵维京海盗旗	Undead Viking Banner
2989	WhiteCultistArcherBanner	白邪教徒弓箭手旗	White Cultist Archer Banner
2990	WhiteCultistCasterBanner	白邪教徒法师旗	White Cultist Caster Banner
2991	WhiteCultistFighterBanner	白邪教徒战士旗	White Cultist Fighter Banner
2992	YellowSlimeBanner	黄史莱姆旗	Yellow Slime Banner
2993	YetiBanner	雪兽旗	Yeti Banner
2994	ZombieElfBanner	僵尸精灵旗	Zombie Elf Banner
2995	SparkyPainting	斯派基	Sparky
2996	VineRope	藤蔓绳	Vine Rope
2997	WormholePotion	虫洞药水	Wormhole Potion
2998	SummonerEmblem	召唤师徽章	Summoner Emblem
2999	BewitchingTable	施法桌	Bewitching Table
3000	AlchemyTable	炼药桌	Alchemy Table
3001	StrangeBrew	诡药	Strange Brew
3002	SpelunkerGlowstick	洞穴探险荧光棒	Spelunker Glowstick
3003	BoneArrow	骨箭	Bone Arrow
3004	BoneTorch	骨头火把	Bone Torch
3005	VineRopeCoil	藤蔓绳圈	Vine Rope Coil
3006	SoulDrain	夺命杖	Life Drain
3007	DartPistol	飞镖手枪	Dart Pistol
3008	DartRifle	飞镖步枪	Dart Rifle
3009	CrystalDart	水晶镖	Crystal Dart
3010	CursedDart	诅咒镖	Cursed Dart
3011	IchorDart	灵液镖	Ichor Dart
3012	ChainGuillotines	铁链血滴子	Chain Guillotines
3013	FetidBaghnakhs	臭虎爪	Fetid Baghnakhs
3014	ClingerStaff	爬藤怪法杖	Clinger Staff
3015	PutridScent	腐香囊	Putrid Scent
3016	FleshKnuckles	血肉指虎	Flesh Knuckles
3017	FlowerBoots	花靴	Flower Boots
3018	Seedler	种子弯刀	Seedler
3019	HellwingBow	地狱之翼弓	Hellwing Bow
3020	TendonHook	肌腱钩	Tendon Hook
3021	ThornHook	刺钩	Thorn Hook
3022	IlluminantHook	荧光钩	Illuminant Hook
3023	WormHook	蠕虫钩	Worm Hook
3024	DevDye	Skiphs的血	Skiphs' Blood
3025	PurpleOozeDye	紫泥染料	Purple Ooze Dye
3026	ReflectiveSilverDye	反光银染料	Reflective Silver Dye
3027	ReflectiveGoldDye	反光金染料	Reflective Gold Dye
3028	BlueAcidDye	蓝酸性染料	Blue Acid Dye
3029	DaedalusStormbow	代达罗斯风暴弓	Daedalus Stormbow
3030	FlyingKnife	飞刀	Flying Knife
3031	BottomlessBucket	无底水桶	Bottomless Water Bucket
3032	SuperAbsorbantSponge	超级吸收绵	Super Absorbant Sponge
3033	GoldRing	金戒指	Gold Ring
3034	CoinRing	钱币戒指	Coin Ring
3035	GreedyRing	贪婪戒指	Greedy Ring
3036	FishFinder	探鱼器	Fish Finder
3037	WeatherRadio	天气收音机	Weather Radio
3038	HadesDye	冥王染料	Hades Dye
3039	TwilightDye	暮光染料	Twilight Dye
3040	AcidDye	酸性染料	Acid Dye
3041	MushroomDye	发光蘑菇染料	Glowing Mushroom Dye
3042	PhaseDye	相位染料	Phase Dye
3043	MagicLantern	魔法灯笼	Magic Lantern
3044	MusicBoxLunarBoss	八音盒（月亮Boss）	Music Box (Lunar Boss)
3045	RainbowTorch	彩虹火把	Rainbow Torch
3046	CursedCampfire	诅咒篝火	Cursed Campfire
3047	DemonCampfire	恶魔篝火	Demon Campfire
3048	FrozenCampfire	冰冻篝火	Frozen Campfire
3049	IchorCampfire	灵液篝火	Ichor Campfire
3050	RainbowCampfire	彩虹篝火	Rainbow Campfire
3051	CrystalVileShard	魔晶碎块	Crystal Vile Shard
3052	ShadowFlameBow	暗影焰弓	Shadowflame Bow
3053	ShadowFlameHexDoll	暗影焰妖娃	Shadowflame Hex Doll
3054	ShadowFlameKnife	暗影焰刀	Shadowflame Knife
3055	PaintingAcorns	橡实	Acorns
3056	PaintingColdSnap	寒流	Cold Snap
3057	PaintingCursedSaint	被诅咒的圣诞骷髅王	Cursed Saint
3058	PaintingSnowfellas	吉祥三雪宝	Snowfellas
3059	PaintingTheSeason	圣诞雪季	The Season
3060	BoneRattle	骨头拨浪鼓	Bone Rattle
3061	ArchitectGizmoPack	建筑师发明背包	Architect Gizmo Pack
3062	CrimsonHeart	猩红之心	Crimson Heart
3063	Meowmere	彩虹猫之刃	Meowmere
3064	Sundial	附魔日晷	Enchanted Sundial
3065	StarWrath	狂星之怒	Star Wrath
3066	MarbleBlock	光面大理石块	Smooth Marble Block
3067	HellstoneBrickWall	狱石砖墙	Hellstone Brick Wall
3068	CordageGuide	植物纤维绳索宝典	Guide to Plant Fiber Cordage
3069	WandofSparking	火花魔棒	Wand of Sparking
3070	GoldBirdCage	金鸟笼	Gold Bird Cage
3071	GoldBunnyCage	金兔兔笼	Gold Bunny Cage
3072	GoldButterflyCage	金蝴蝶罐	Gold Butterfly Jar
3073	GoldFrogCage	金蛙笼	Gold Frog Cage
3074	GoldGrasshopperCage	金蚱蜢笼	Gold Grasshopper Cage
3075	GoldMouseCage	金老鼠笼	Gold Mouse Cage
3076	GoldWormCage	金蠕虫笼	Gold Worm Cage
3077	SilkRope	丝绸绳	Silk Rope
3078	WebRope	蛛丝绳	Web Rope
3079	SilkRopeCoil	丝绸绳圈	Silk Rope Coil
3080	WebRopeCoil	蛛丝绳圈	Web Rope Coil
3081	Marble	大理石块	Marble Block
3082	MarbleWall	大理石墙	Marble Wall
3083	MarbleBlockWall	光面大理石墙	Smooth Marble Wall
3084	Radar	雷达	Radar
3085	LockBox	金锁盒	Golden Lock Box
3086	Granite	花岗岩块	Granite Block
3087	GraniteBlock	光面花岗岩块	Smooth Granite Block
3088	GraniteWall	花岗岩墙	Granite Wall
3089	GraniteBlockWall	光面花岗岩墙	Smooth Granite Wall
3090	RoyalGel	皇家凝胶	Royal Gel
3091	NightKey	夜光钥匙	Key of Night
3092	LightKey	光明钥匙	Key of Light
3093	HerbBag	草药袋	Herb Bag
3094	Javelin	标枪	Javelin
3095	TallyCounter	杀怪计数器	Tally Counter
3096	Sextant	六分仪	Sextant
3097	EoCShield	克苏鲁护盾	Shield of Cthulhu
3098	ButchersChainsaw	屠夫链锯	Butcher's Chainsaw
3099	Stopwatch	秒表	Stopwatch
3100	MeteoriteBrick	陨石砖	Meteorite Brick
3101	MeteoriteBrickWall	陨石砖墙	Meteorite Brick Wall
3102	MetalDetector	金属探测器	Metal Detector
3103	EndlessQuiver	无尽箭袋	Endless Quiver
3104	EndlessMusketPouch	无尽火枪袋	Endless Musket Pouch
3105	ToxicFlask	毒气瓶	Toxic Flask
3106	PsychoKnife	变态人的刀	Psycho Knife
3107	NailGun	钉枪	Nail Gun
3108	Nail	钉子	Nail
3109	NightVisionHelmet	夜视头盔	Night Vision Helmet
3110	CelestialShell	天界贝壳	Celestial Shell
3111	PinkGel	粉凝胶	Pink Gel
3112	BouncyGlowstick	弹力荧光棒	Bouncy Glowstick
3113	PinkSlimeBlock	粉史莱姆块	Pink Slime Block
3114	PinkTorch	粉火把	Pink Torch
3115	BouncyBomb	弹力炸弹	Bouncy Bomb
3116	BouncyGrenade	弹力手榴弹	Bouncy Grenade
3117	PeaceCandle	和平蜡烛	Peace Candle
3118	LifeformAnalyzer	生命体分析机	Lifeform Analyzer
3119	DPSMeter	每秒伤害计数器	DPS Meter
3120	FishermansGuide	渔民袖珍宝典	Fisherman's Pocket Guide
3121	GoblinTech	哥布林数据仪	Goblin Tech
3122	REK	R.E.K.3000	R.E.K. 3000
3123	PDA	个人数字助手	PDA
3124	CellPhone	手机	Cell Phone
3125	GraniteChest	花岗岩箱	Granite Chest
3126	MeteoriteClock	陨石钟	Meteorite Clock
3127	MarbleClock	大理石时钟	Marble Clock
3128	GraniteClock	花岗岩时钟	Granite Clock
3129	MeteoriteDoor	陨石门	Meteorite Door
3130	MarbleDoor	大理石门	Marble Door
3131	GraniteDoor	花岗岩门	Granite Door
3132	MeteoriteDresser	陨石梳妆台	Meteorite Dresser
3133	MarbleDresser	大理石梳妆台	Marble Dresser
3134	GraniteDresser	花岗岩梳妆台	Granite Dresser
3135	MeteoriteLamp	陨石灯	Meteorite Lamp
3136	MarbleLamp	大理石灯	Marble Lamp
3137	GraniteLamp	花岗岩灯	Granite Lamp
3138	MeteoriteLantern	陨石灯笼	Meteorite Lantern
3139	MarbleLantern	大理石灯笼	Marble Lantern
3140	GraniteLantern	花岗岩灯笼	Granite Lantern
3141	MeteoritePiano	陨石钢琴	Meteorite Piano
3142	MarblePiano	大理石钢琴	Marble Piano
3143	GranitePiano	花岗岩钢琴	Granite Piano
3144	MeteoritePlatform	陨石平台	Meteorite Platform
3145	MarblePlatform	大理石平台	Marble Platform
3146	GranitePlatform	花岗岩平台	Granite Platform
3147	MeteoriteSink	陨石水槽	Meteorite Sink
3148	MarbleSink	大理石水槽	Marble Sink
3149	GraniteSink	花岗岩水槽	Granite Sink
3150	MeteoriteSofa	陨石沙发	Meteorite Sofa
3151	MarbleSofa	大理石沙发	Marble Sofa
3152	GraniteSofa	花岗岩沙发	Granite Sofa
3153	MeteoriteTable	陨石桌	Meteorite Table
3154	MarbleTable	大理石桌	Marble Table
3155	GraniteTable	花岗岩桌	Granite Table
3156	MeteoriteWorkBench	陨石工作台	Meteorite Work Bench
3157	MarbleWorkBench	大理石工作台	Marble Work Bench
3158	GraniteWorkBench	花岗岩工作台	Granite Work Bench
3159	MeteoriteBathtub	陨石浴缸	Meteorite Bathtub
3160	MarbleBathtub	大理石浴缸	Marble Bathtub
3161	GraniteBathtub	花岗岩浴缸	Granite Bathtub
3162	MeteoriteBed	陨石床	Meteorite Bed
3163	MarbleBed	大理石床	Marble Bed
3164	GraniteBed	花岗岩床	Granite Bed
3165	MeteoriteBookcase	陨石书架	Meteorite Bookcase
3166	MarbleBookcase	大理石书架	Marble Bookcase
3167	GraniteBookcase	花岗岩书架	Granite Bookcase
3168	MeteoriteCandelabra	陨石烛台	Meteorite Candelabra
3169	MarbleCandelabra	大理石烛台	Marble Candelabra
3170	GraniteCandelabra	花岗岩烛台	Granite Candelabra
3171	MeteoriteCandle	陨石蜡烛	Meteorite Candle
3172	MarbleCandle	大理石蜡烛	Marble Candle
3173	GraniteCandle	花岗岩蜡烛	Granite Candle
3174	MeteoriteChair	陨石椅	Meteorite Chair
3175	MarbleChair	大理石椅	Marble Chair
3176	GraniteChair	花岗岩椅	Granite Chair
3177	MeteoriteChandelier	陨石吊灯	Meteorite Chandelier
3178	MarbleChandelier	大理石吊灯	Marble Chandelier
3179	GraniteChandelier	花岗岩吊灯	Granite Chandelier
3180	MeteoriteChest	陨石箱	Meteorite Chest
3181	MarbleChest	大理石箱	Marble Chest
3182	MagicWaterDropper	魔法水滴管	Magic Water Dropper
3183	GoldenBugNet	金虫网	Golden Bug Net
3184	MagicLavaDropper	魔法熔岩滴管	Magic Lava Dropper
3185	MagicHoneyDropper	魔法蜂蜜滴管	Magic Honey Dropper
3186	EmptyDropper	空滴管	Empty Dropper
3187	GladiatorHelmet	角斗士头盔	Gladiator Helmet
3188	GladiatorBreastplate	角斗士胸甲	Gladiator Breastplate
3189	GladiatorLeggings	角斗士护腿	Gladiator Leggings
3190	ReflectiveDye	反光染料	Reflective Dye
3191	EnchantedNightcrawler	附魔夜行者	Enchanted Nightcrawler
3192	Grubby	蛆虫	Grubby
3193	Sluggy	鼻涕虫	Sluggy
3194	Buggy	蚜虫	Buggy
3195	GrubSoup	蛆虫汤	Grub Soup
3196	BombFish	炸弹鱼	Bomb Fish
3197	FrostDaggerfish	寒霜飞鱼	Frost Daggerfish
3198	SharpeningStation	利器站	Sharpening Station
3199	IceMirror	冰雪镜	Ice Mirror
3200	SailfishBoots	旗鱼靴	Sailfish Boots
3201	TsunamiInABottle	海啸瓶	Tsunami in a Bottle
3202	TargetDummy	训练假人	Target Dummy
3203	CorruptFishingCrate	腐化匣	Corrupt Crate
3204	CrimsonFishingCrate	猩红匣	Crimson Crate
3205	DungeonFishingCrate	地牢匣	Dungeon Crate
3206	FloatingIslandFishingCrate	天空匣	Sky Crate
3207	HallowedFishingCrate	神圣匣	Hallowed Crate
3208	JungleFishingCrate	丛林匣	Jungle Crate
3209	CrystalSerpent	水晶蛇	Crystal Serpent
3210	Toxikarp	毒弹枪	Toxikarp
3211	Bladetongue	舌锋剑	Bladetongue
3212	SharkToothNecklace	鲨牙项链	Shark Tooth Necklace
3213	MoneyTrough	钱币槽	Money Trough
3214	Bubble	泡泡	Bubble
3215	DayBloomPlanterBox	太阳花种植盆	Daybloom Planter Box
3216	MoonglowPlanterBox	月光草种植盆	Moonglow Planter Box
3217	CorruptPlanterBox	死亡草种植盆	Deathweed Planter Box
3218	CrimsonPlanterBox	死亡草种植盆	Deathweed Planter Box
3219	BlinkrootPlanterBox	闪耀根种植盆	Blinkroot Planter Box
3220	WaterleafPlanterBox	水叶草种植盆	Waterleaf Planter Box
3221	ShiverthornPlanterBox	寒颤棘种植盆	Shiverthorn Planter Box
3222	FireBlossomPlanterBox	火焰花种植盆	Fireblossom Planter Box
3223	BrainOfConfusion	混乱之脑	Brain of Confusion
3224	WormScarf	蠕虫围巾	Worm Scarf
3225	BalloonPufferfish	气球河豚鱼	Balloon Pufferfish
3226	BejeweledValkyrieHead	Lazure的女武神头环	Lazure's Valkyrie Circlet
3227	BejeweledValkyrieBody	Lazure的女武神斗蓬	Lazure's Valkyrie Cloak
3228	BejeweledValkyrieWing	Lazure的屏障台	Lazure's Barrier Platform
3229	RichGravestone1	金十字墓石碑	Golden Cross Grave Marker
3230	RichGravestone2	金墓石	Golden Tombstone
3231	RichGravestone3	金墓石碑	Golden Grave Marker
3232	RichGravestone4	金墓碑	Golden Gravestone
3233	RichGravestone5	金碑石	Golden Headstone
3234	CrystalBlock	水晶块	Crystal Block
3235	MusicBoxMartians	八音盒（火星暴乱）	Music Box (Martian Madness)
3236	MusicBoxPirates	八音盒（海盗入侵）	Music Box (Pirate Invasion)
3237	MusicBoxHell	八音盒（地狱）	Music Box (Hell)
3238	CrystalBlockWall	水晶块墙	Crystal Block Wall
3239	Trapdoor	机关门	Trap Door
3240	TallGate	高门	Tall Gate
3241	SharkronBalloon	鲨鱼龙气球	Sharkron Balloon
3242	TaxCollectorHat	税收官帽	Tax Collector's Hat
3243	TaxCollectorSuit	税收官衣服	Tax Collector's Suit
3244	TaxCollectorPants	税收官裤	Tax Collector's Pants
3245	BoneGlove	骨头手套	Bone Glove
3246	ClothierJacket	服装商夹克	Clothier's Jacket
3247	ClothierPants	服装商裤	Clothier's Pants
3248	DyeTraderTurban	染料商头巾	Dye Trader's Turban
3249	DeadlySphereStaff	致命球法杖	Deadly Sphere Staff
3250	BalloonHorseshoeFart	绿马掌气球	Green Horseshoe Balloon
3251	BalloonHorseshoeHoney	琥珀马掌气球	Amber Horseshoe Balloon
3252	BalloonHorseshoeSharkron	粉马掌气球	Pink Horseshoe Balloon
3253	LavaLamp	熔岩灯	Lava Lamp
3254	CageEnchantedNightcrawler	附魔夜行者笼	Enchanted Nightcrawler Cage
3255	CageBuggy	蚜虫笼	Buggy Cage
3256	CageGrubby	蛆虫笼	Grubby Cage
3257	CageSluggy	鼻涕虫笼	Sluggy Cage
3258	SlapHand	拍拍手	Slap Hand
3259	TwilightHairDye	暮光染发剂	Twilight Hair Dye
3260	BlessedApple	恩赐苹果	Blessed Apple
3261	SpectreBar	幽灵锭	Spectre Bar
3262	Code1	代码1球	Code 1
3263	BuccaneerBandana	西域海盗头巾	Buccaneer Bandana
3264	BuccaneerShirt	西域海盗上装	Buccaneer Tunic
3265	BuccaneerPants	西域海盗马裤	Buccaneer Pantaloons
3266	ObsidianHelm	黑曜石逃犯帽	Obsidian Outlaw Hat
3267	ObsidianShirt	黑曜石风衣	Obsidian Longcoat
3268	ObsidianPants	黑曜石裤	Obsidian Pants
3269	MedusaHead	蛇发女妖头	Medusa Head
3270	ItemFrame	物品框	Item Frame
3271	Sandstone	沙岩块	Sandstone Block
3272	HardenedSand	硬化沙块	Hardened Sand Block
3273	SandstoneWall	沙岩墙	Sandstone Wall
3274	CorruptHardenedSand	硬化黑檀沙块	Hardened Ebonsand Block
3275	CrimsonHardenedSand	硬化猩红沙块	Hardened Crimsand Block
3276	CorruptSandstone	黑檀沙岩块	Ebonsandstone Block
3277	CrimsonSandstone	猩红沙岩块	Crimsandstone Block
3278	WoodYoyo	木悠悠球	Wooden Yoyo
3279	CorruptYoyo	抑郁球	Malaise
3280	CrimsonYoyo	血脉球	Artery
3281	JungleYoyo	亚马逊球	Amazon
3282	Cascade	喷流球	Cascade
3283	Chik	吉克球	Chik
3284	Code2	代码2球	Code 2
3285	Rally	对打球	Rally
3286	Yelets	叶列茨球	Yelets
3287	RedsYoyo	Red的抛球	Red's Throw
3288	ValkyrieYoyo	女武神悠悠球	Valkyrie Yoyo
3289	Amarok	冰雪悠悠球	Amarok
3290	HelFire	狱火球	Hel-Fire
3291	Kraken	克拉肯球	Kraken
3292	TheEyeOfCthulhu	克苏鲁之眼	The Eye of Cthulhu
3293	RedString	红绳	Red String
3294	OrangeString	橙绳	Orange String
3295	YellowString	黄绳	Yellow String
3296	LimeString	橙绿绳	Lime String
3297	GreenString	绿绳	Green String
3298	TealString	青绿绳	Teal String
3299	CyanString	青绳	Cyan String
3300	SkyBlueString	天蓝绳	Sky Blue String
3301	BlueString	蓝绳	Blue String
3302	PurpleString	紫绳	Purple String
3303	VioletString	蓝紫绳	Violet String
3304	PinkString	粉绳	Pink String
3305	BrownString	棕绳	Brown String
3306	WhiteString	白绳	White String
3307	RainbowString	彩虹绳	Rainbow String
3308	BlackString	黑绳	Black String
3309	BlackCounterweight	黑平衡锤	Black Counterweight
3310	BlueCounterweight	蓝平衡锤	Blue Counterweight
3311	GreenCounterweight	绿平衡锤	Green Counterweight
3312	PurpleCounterweight	紫平衡锤	Purple Counterweight
3313	RedCounterweight	红平衡锤	Red Counterweight
3314	YellowCounterweight	黄平衡锤	Yellow Counterweight
3315	FormatC	好胜球	Format:C
3316	Gradient	渐变球	Gradient
3317	Valor	英勇球	Valor
3318	KingSlimeBossBag	宝藏袋（史莱姆王）	Treasure Bag (King Slime)
3319	EyeOfCthulhuBossBag	宝藏袋（克苏鲁之眼）	Treasure Bag (Eye of Cthulhu)
3320	EaterOfWorldsBossBag	宝藏袋（世界吞噬怪）	Treasure Bag (Eater of Worlds)
3321	BrainOfCthulhuBossBag	宝藏袋（克苏鲁之脑）	Treasure Bag (Brain of Cthulhu)
3322	QueenBeeBossBag	宝藏袋（蜂王）	Treasure Bag (Queen Bee)
3323	SkeletronBossBag	宝藏袋（骷髅王）	Treasure Bag (Skeletron)
3324	WallOfFleshBossBag	宝藏袋（血肉墙）	Treasure Bag (Wall of Flesh)
3325	DestroyerBossBag	宝藏袋（毁灭者）	Treasure Bag (The Destroyer)
3326	TwinsBossBag	宝藏袋（双子魔眼）	Treasure Bag (The Twins)
3327	SkeletronPrimeBossBag	宝藏袋（机械骷髅王）	Treasure Bag (Skeletron Prime)
3328	PlanteraBossBag	宝藏袋（世纪之花）	Treasure Bag (Plantera)
3329	GolemBossBag	宝藏袋（石巨人）	Treasure Bag (Golem)
3330	FishronBossBag	宝藏袋（猪龙鱼公爵）	Treasure Bag (Duke Fishron)
3331	CultistBossBag	宝藏袋（拜月教邪教徒）	Treasure Bag (Lunatic Cultist)
3332	MoonLordBossBag	宝藏袋（月亮领主）	Treasure Bag (Moon Lord)
3333	HiveBackpack	蜂巢背包	Hive Pack
3334	YoYoGlove	悠悠球手套	Yoyo Glove
3335	DemonHeart	恶魔之心	Demon Heart
3336	SporeSac	孢子囊	Spore Sac
3337	ShinyStone	闪亮石	Shiny Stone
3338	HallowHardenedSand	硬化珍珠沙块	Hardened Pearlsand Block
3339	HallowSandstone	珍珠沙岩块	Pearlsandstone Block
3340	HardenedSandWall	硬化沙墙	Hardened Sand Wall
3341	CorruptHardenedSandWall	硬化黑檀沙墙	Hardened Ebonsand Wall
3342	CrimsonHardenedSandWall	硬化猩红沙墙	Hardened Crimsand Wall
3343	HallowHardenedSandWall	硬化珍珠沙墙	Hardened Pearlsand Wall
3344	CorruptSandstoneWall	黑檀沙岩墙	Ebonsandstone Wall
3345	CrimsonSandstoneWall	猩红沙岩墙	Crimsandstone Wall
3346	HallowSandstoneWall	珍珠沙岩墙	Pearlsandstone Wall
3347	DesertFossil	沙漠化石	Desert Fossil
3348	DesertFossilWall	沙漠化石墙	Desert Fossil Wall
3349	DyeTradersScimitar	异域弯刀	Exotic Scimitar
3350	PainterPaintballGun	彩弹枪	Paintball Gun
3351	TaxCollectorsStickOfDoom	精致手杖	Classy Cane
3352	StylistKilLaKillScissorsIWish	时尚剪刀	Stylish Scissors
3353	MinecartMech	机械矿车	Mechanical Cart
3354	MechanicalWheelPiece	机械车轮片	Mechanical Wheel Piece
3355	MechanicalWagonPiece	机械车体片	Mechanical Wagon Piece
3356	MechanicalBatteryPiece	机械电池片	Mechanical Battery Piece
3357	AncientCultistTrophy	拜月教邪教徒纪念章	Lunatic Cultist Trophy
3358	MartianSaucerTrophy	火星飞碟纪念章	Martian Saucer Trophy
3359	FlyingDutchmanTrophy	荷兰飞盗船纪念章	Flying Dutchman Trophy
3360	LivingMahoganyWand	生命红木魔棒	Living Mahogany Wand
3361	LivingMahoganyLeafWand	红木树叶魔棒	Rich Mahogany Leaf Wand
3362	FallenTuxedoShirt	堕落西装衣	Fallen Tuxedo Shirt
3363	FallenTuxedoPants	堕落西装裤	Fallen Tuxedo Pants
3364	Fireplace	壁炉	Fireplace
3365	Chimney	烟囱	Chimney
3366	YoyoBag	悠悠球袋	Yoyo Bag
3367	ShrimpyTruffle	虾松露	Shrimpy Truffle
3368	Arkhalis	Arkhalis剑	Arkhalis
3369	ConfettiCannon	彩纸炮	Confetti Cannon
3370	MusicBoxTowers	八音盒（天界柱）	Music Box (The Towers)
3371	MusicBoxGoblins	八音盒（哥布林入侵）	Music Box (Goblin Invasion)
3372	BossMaskCultist	拜月教邪教徒面具	Lunatic Cultist Mask
3373	BossMaskMoonlord	月亮领主面具	Moon Lord Mask
3374	FossilHelm	化石头盔	Fossil Helmet
3375	FossilShirt	化石板甲	Fossil Plate
3376	FossilPants	化石护胫	Fossil Greaves
3377	AmberStaff	琥珀法杖	Amber Staff
3378	BoneJavelin	骨头标枪	Bone Javelin
3379	BoneDagger	骨投刀	Bone Throwing Knife
3380	FossilOre	坚固化石	Sturdy Fossil
3381	StardustHelmet	星尘头盔	Stardust Helmet
3382	StardustBreastplate	星尘板甲	Stardust Plate
3383	StardustLeggings	星尘护腿	Stardust Leggings
3384	PortalGun	传送枪	Portal Gun
3385	StrangePlant1	奇异植物	Strange Plant
3386	StrangePlant2	奇异植物	Strange Plant
3387	StrangePlant3	奇异植物	Strange Plant
3388	StrangePlant4	奇异植物	Strange Plant
3389	Terrarian	泰拉悠悠球	Terrarian
3390	GoblinSummonerBanner	哥布林术士旗	Goblin Warlock Banner
3391	SalamanderBanner	蝾螈旗	Salamander Banner
3392	GiantShellyBanner	巨型卷壳怪旗	Giant Shelly Banner
3393	CrawdadBanner	龙虾旗	Crawdad Banner
3394	FritzBanner	弗里茨旗	Fritz Banner
3395	CreatureFromTheDeepBanner	水月怪旗	Creature From The Deep Banner
3396	DrManFlyBanner	苍蝇人博士旗	Dr. Man Fly Banner
3397	MothronBanner	蛾怪旗	Mothron Banner
3398	SeveredHandBanner	残手旗	Severed Hand Banner
3399	ThePossessedBanner	攀爬魔旗	The Possessed Banner
3400	ButcherBanner	屠夫旗	Butcher Banner
3401	PsychoBanner	变态人旗	Psycho Banner
3402	DeadlySphereBanner	致命球旗	Deadly Sphere Banner
3403	NailheadBanner	钉头旗	Nailhead Banner
3404	PoisonousSporeBanner	毒孢旗	Poisonous Spore Banner
3405	MedusaBanner	蛇发女妖旗	Medusa Banner
3406	GreekSkeletonBanner	装甲步兵旗	Hoplite Banner
3407	GraniteFlyerBanner	花岗精旗	Granite Elemental Banner
3408	GraniteGolemBanner	花岗岩巨人旗	Granite Golem Banner
3409	BloodZombieBanner	血腥僵尸旗	Blood Zombie Banner
3410	DripplerBanner	滴滴怪旗	Drippler Banner
3411	TombCrawlerBanner	墓穴爬虫旗	Tomb Crawler Banner
3412	DuneSplicerBanner	沙虫旗	Dune Splicer Banner
3413	FlyingAntlionBanner	蚁狮蜂旗	Antlion Swarmer Banner
3414	WalkingAntlionBanner	蚁狮马旗	Antlion Charger Banner
3415	DesertGhoulBanner	食尸鬼旗	Ghoul Banner
3416	DesertLamiaBanner	拉弥亚旗	Lamia Banner
3417	DesertDjinnBanner	沙漠幽魂旗	Desert Spirit Banner
3418	DesertBasiliskBanner	蛇蜥怪旗	Basilisk Banner
3419	RavagerScorpionBanner	沙贼旗	Sand Poacher Banner
3420	StardustSoldierBanner	观星怪旗	Stargazer Banner
3421	StardustWormBanner	银河织妖旗	Milkyway Weaver Banner
3422	StardustJellyfishBanner	流体入侵怪旗	Flow Invader Banner
3423	StardustSpiderBanner	闪耀炮手旗	Twinkle Popper Banner
3424	StardustSmallCellBanner	迷你星细胞旗	Mini Star Cell Banner
3425	StardustLargeCellBanner	星细胞旗	Star Cell Banner
3426	SolarCoriteBanner	流星火怪旗	Corite Banner
3427	SolarSrollerBanner	火滚怪旗	Sroller Banner
3428	SolarCrawltipedeBanner	千足蜈蚣旗	Crawltipede Banner
3429	SolarDrakomireRiderBanner	火龙怪骑士旗	Drakomire Rider Banner
3430	SolarDrakomireBanner	火龙怪旗	Drakomire Banner
3431	SolarSolenianBanner	火月怪旗	Selenian Banner
3432	NebulaSoldierBanner	预言怪旗	Predictor Banner
3433	NebulaHeadcrabBanner	吮脑怪旗	Brain Suckler Banner
3434	NebulaBrainBanner	星云浮怪旗	Nebula Floater Banner
3435	NebulaBeastBanner	进化兽旗	Evolution Beast Banner
3436	VortexLarvaBanner	异星幼虫旗	Alien Larva Banner
3437	VortexHornetQueenBanner	异星蜂王旗	Alien Queen Banner
3438	VortexHornetBanner	异星黄蜂旗	Alien Hornet Banner
3439	VortexSoldierBanner	星旋怪旗	Vortexian Banner
3440	VortexRiflemanBanner	漩泥怪旗	Storm Diver Banner
3441	PirateCaptainBanner	海盗船长旗	Pirate Captain Banner
3442	PirateDeadeyeBanner	海盗神射手旗	Pirate Deadeye Banner
3443	PirateCorsairBanner	私船海盗旗	Pirate Corsair Banner
3444	PirateCrossbowerBanner	海盗弩手旗	Pirate Crossbower Banner
3445	MartianWalkerBanner	火星走妖旗	Martian Walker Banner
3446	RedDevilBanner	红魔鬼旗	Red Devil Banner
3447	PinkJellyfishBanner	粉水母旗	Pink Jellyfish Banner
3448	GreenJellyfishBanner	绿水母旗	Green Jellyfish Banner
3449	DarkMummyBanner	暗黑木乃伊旗	Dark Mummy Banner
3450	LightMummyBanner	光明木乃伊旗	Light Mummy Banner
3451	AngryBonesBanner	愤怒骷髅怪旗	Angry Bones Banner
3452	IceTortoiseBanner	冰雪陆龟旗	Ice Tortoise Banner
3453	NebulaPickup1	伤害强化焰	Damage Booster
3454	NebulaPickup2	生命强化焰	Life Booster
3455	NebulaPickup3	魔力强化焰	Mana Booster
3456	FragmentVortex	星旋碎片	Vortex Fragment
3457	FragmentNebula	星云碎片	Nebula Fragment
3458	FragmentSolar	日耀碎片	Solar Fragment
3459	FragmentStardust	星尘碎片	Stardust Fragment
3460	LunarOre	夜明矿	Luminite
3461	LunarBrick	夜明砖	Luminite Brick
3462	StardustAxe	星尘斧	Stardust Axe
3463	StardustChainsaw	星尘链锯	Stardust Chainsaw
3464	StardustDrill	星尘钻头	Stardust Drill
3465	StardustHammer	星尘锤	Stardust Hammer
3466	StardustPickaxe	星尘镐	Stardust Pickaxe
3467	LunarBar	夜明锭	Luminite Bar
3468	WingsSolar	日耀之翼	Solar Wings
3469	WingsVortex	星旋强化翼	Vortex Booster
3470	WingsNebula	星云斗篷	Nebula Mantle
3471	WingsStardust	星尘之翼	Stardust Wings
3472	LunarBrickWall	夜明砖墙	Luminite Brick Wall
3473	SolarEruption	日耀喷发剑	Solar Eruption
3474	StardustCellStaff	星尘细胞法杖	Stardust Cell Staff
3475	VortexBeater	星旋机枪	Vortex Beater
3476	NebulaArcanum	星云奥秘	Nebula Arcanum
3477	BloodWater	血水	Blood Water
3478	TheBrideHat	面纱	Wedding Veil
3479	TheBrideDress	婚裙	Wedding Dress
3480	PlatinumBow	铂金弓	Platinum Bow
3481	PlatinumHammer	铂金锤	Platinum Hammer
3482	PlatinumAxe	铂金斧	Platinum Axe
3483	PlatinumShortsword	铂金短剑	Platinum Shortsword
3484	PlatinumBroadsword	铂金宽剑	Platinum Broadsword
3485	PlatinumPickaxe	铂金镐	Platinum Pickaxe
3486	TungstenBow	钨弓	Tungsten Bow
3487	TungstenHammer	钨锤	Tungsten Hammer
3488	TungstenAxe	钨斧	Tungsten Axe
3489	TungstenShortsword	钨短剑	Tungsten Shortsword
3490	TungstenBroadsword	钨宽剑	Tungsten Broadsword
3491	TungstenPickaxe	钨镐	Tungsten Pickaxe
3492	LeadBow	铅弓	Lead Bow
3493	LeadHammer	铅锤	Lead Hammer
3494	LeadAxe	铅斧	Lead Axe
3495	LeadShortsword	铅短剑	Lead Shortsword
3496	LeadBroadsword	铅宽剑	Lead Broadsword
3497	LeadPickaxe	铅镐	Lead Pickaxe
3498	TinBow	锡弓	Tin Bow
3499	TinHammer	锡锤	Tin Hammer
3500	TinAxe	锡斧	Tin Axe
3501	TinShortsword	锡短剑	Tin Shortsword
3502	TinBroadsword	锡宽剑	Tin Broadsword
3503	TinPickaxe	锡镐	Tin Pickaxe
3504	CopperBow	铜弓	Copper Bow
3505	CopperHammer	铜锤	Copper Hammer
3506	CopperAxe	铜斧	Copper Axe
3507	CopperShortsword	铜短剑	Copper Shortsword
3508	CopperBroadsword	铜阔剑	Copper Broadsword
3509	CopperPickaxe	铜镐	Copper Pickaxe
3510	SilverBow	银弓	Silver Bow
3511	SilverHammer	银锤	Silver Hammer
3512	SilverAxe	银斧	Silver Axe
3513	SilverShortsword	银短剑	Silver Shortsword
3514	SilverBroadsword	银阔剑	Silver Broadsword
3515	SilverPickaxe	银镐	Silver Pickaxe
3516	GoldBow	金弓	Gold Bow
3517	GoldHammer	金锤	Gold Hammer
3518	GoldAxe	金斧	Gold Axe
3519	GoldShortsword	金短剑	Gold Shortsword
3520	GoldBroadsword	金阔剑	Gold Broadsword
3521	GoldPickaxe	金镐	Gold Pickaxe
3522	LunarHamaxeSolar	耀斑锤斧	Solar Flare Hamaxe
3523	LunarHamaxeVortex	星旋锤斧	Vortex Hamaxe
3524	LunarHamaxeNebula	星云锤斧	Nebula Hamaxe
3525	LunarHamaxeStardust	星尘锤斧	Stardust Hamaxe
3526	SolarDye	日耀染料	Solar Dye
3527	NebulaDye	星云染料	Nebula Dye
3528	VortexDye	星旋染料	Vortex Dye
3529	StardustDye	星尘染料	Stardust Dye
3530	VoidDye	虚空染料	Void Dye
3531	StardustDragonStaff	星尘之龙法杖	Stardust Dragon Staff
3532	Bacon	培根	Bacon
3533	ShiftingSandsDye	流沙染料	Shifting Sands Dye
3534	MirageDye	幻象染料	Mirage Dye
3535	ShiftingPearlSandsDye	珍珠流沙染料	Shifting Pearlsands Dye
3536	VortexMonolith	星旋天塔柱	Vortex Monolith
3537	NebulaMonolith	星云天塔柱	Nebula Monolith
3538	StardustMonolith	星尘天塔柱	Stardust Monolith
3539	SolarMonolith	日耀天塔柱	Solar Monolith
3540	Phantasm	幻影弓	Phantasm
3541	LastPrism	终极棱镜	Last Prism
3542	NebulaBlaze	星云烈焰	Nebula Blaze
3543	DayBreak	破晓之光	Daybreak
3544	SuperHealingPotion	超级治疗药水	Super Healing Potion
3545	Detonator	引爆器	Detonator
3546	FireworksLauncher	喜庆弹射器	Celebration
3547	BouncyDynamite	弹力雷管	Bouncy Dynamite
3548	PartyGirlGrenade	快乐手榴弹	Happy Grenade
3549	LunarCraftingStation	远古操纵机	Ancient Manipulator
3550	FlameAndSilverDye	红焰银染料	Flame and Silver Dye
3551	GreenFlameAndSilverDye	绿焰银染料	Green Flame and Silver Dye
3552	BlueFlameAndSilverDye	蓝焰银染料	Blue Flame and Silver Dye
3553	ReflectiveCopperDye	反光铜染料	Reflective Copper Dye
3554	ReflectiveObsidianDye	反光黑曜石染料	Reflective Obsidian Dye
3555	ReflectiveMetalDye	反光金属染料	Reflective Metal Dye
3556	MidnightRainbowDye	午夜彩虹染料	Midnight Rainbow Dye
3557	BlackAndWhiteDye	黑白染料	Black and White Dye
3558	BrightSilverDye	淡银染料	Bright Silver Dye
3559	SilverAndBlackDye	银黑染料	Silver and Black Dye
3560	RedAcidDye	红酸性染料	Red Acid Dye
3561	GelDye	凝胶染料	Gel Dye
3562	PinkGelDye	粉凝胶染料	Pink Gel Dye
3563	SquirrelRed	红松鼠	Red Squirrel
3564	SquirrelGold	金松鼠	Gold Squirrel
3565	SquirrelOrangeCage	红松鼠笼	Red Squirrel Cage
3566	SquirrelGoldCage	金松鼠笼	Gold Squirrel Cage
3567	MoonlordBullet	夜明弹	Luminite Bullet
3568	MoonlordArrow	夜明箭	Luminite Arrow
3569	MoonlordTurretStaff	月亮传送门法杖	Lunar Portal Staff
3570	LunarFlareBook	月耀	Lunar Flare
3571	RainbowCrystalStaff	七彩水晶法杖	Rainbow Crystal Staff
3572	LunarHook	月钩	Lunar Hook
3573	LunarBlockSolar	日耀碎片块	Solar Fragment Block
3574	LunarBlockVortex	星旋碎片块	Vortex Fragment Block
3575	LunarBlockNebula	星云碎片块	Nebula Fragment Block
3576	LunarBlockStardust	星尘碎片块	Stardust Fragment Block
3577	SuspiciousLookingTentacle	可疑触手	Suspicious Looking Tentacle
3578	Yoraiz0rShirt	Yoraiz0r的制服	Yoraiz0r's Uniform
3579	Yoraiz0rPants	Yoraiz0r的裙	Yoraiz0r's Skirt
3580	Yoraiz0rWings	Yoraiz0r的魔法	Yoraiz0r's Spell
3581	Yoraiz0rDarkness	Yoraiz0r的怒容	Yoraiz0r's Scowl
3582	JimsWings	Jim的翅膀	Jim's Wings
3583	Yoraiz0rHead	Yoraiz0r的染色护目镜	Yoraiz0r's Recolored Goggles
3584	LivingLeafWall	生命树叶墙	Living Leaf Wall
3585	SkiphsHelm	Skiphs的面具	Skiphs' Mask
3586	SkiphsShirt	Skiphs的皮肤	Skiphs' Skin
3587	SkiphsPants	Skiphs的熊裤	Skiphs' Bear Butt
3588	SkiphsWings	Skiphs的爪子	Skiphs' Paws
3589	LokisHelm	Loki的头盔	Loki's Helmet
3590	LokisShirt	Loki的胸甲	Loki's Breastplate
3591	LokisPants	Loki的护胫	Loki's Greaves
3592	LokisWings	Loki的翅膀	Loki's Wings
3593	SandSlimeBanner	沙史莱姆旗	Sand Slime Banner
3594	SeaSnailBanner	海蜗牛旗	Sea Snail Banner
3595	MoonLordTrophy	月亮领主纪念章	Moon Lord Trophy
3596	MoonLordPainting	不是小孩，也不是乌贼	Not a Kid, nor a Squid
3597	BurningHadesDye	烈焰冥王染料	Burning Hades Dye
3598	GrimDye	恐怖染料	Grim Dye
3599	LokisDye	Loki的染料	Loki's Dye
3600	ShadowflameHadesDye	暗影焰冥王染料	Shadowflame Hades Dye
3601	CelestialSigil	天界符	Celestial Sigil
3602	LogicGateLamp_Off	逻辑门灯（关）	Logic Gate Lamp (Off)
3603	LogicGate_AND	逻辑门（与）	Logic Gate (AND)
3604	LogicGate_OR	逻辑门（或）	Logic Gate (OR)
3605	LogicGate_NAND	逻辑门（与非）	Logic Gate (NAND)
3606	LogicGate_NOR	逻辑门（或非）	Logic Gate (NOR)
3607	LogicGate_XOR	逻辑门（异或）	Logic Gate (XOR)
3608	LogicGate_NXOR	逻辑门（同或）	Logic Gate (XNOR)
3609	ConveyorBeltLeft	传送带（顺时针）	Conveyor Belt (Clockwise)
3610	ConveyorBeltRight	传送带（逆时针）	Conveyor Belt (Counter Clockwise)
3611	WireKite	宏伟蓝图	The Grand Design
3612	YellowWrench	黄扳手	Yellow Wrench
3613	LogicSensor_Sun	逻辑感应器（昼）	Logic Sensor (Day)
3614	LogicSensor_Moon	逻辑感应器（夜）	Logic Sensor (Night)
3615	LogicSensor_Above	逻辑感应器（玩家出入上方）	Logic Sensor (Player Above)
3616	WirePipe	分线盒	Junction Box
3617	AnnouncementBox	广播盒	Announcement Box
3618	LogicGateLamp_On	逻辑门灯（开）	Logic Gate Lamp (On)
3619	MechanicalLens	机械透镜	Mechanical Lens
3620	ActuationRod	致动魔杖	Actuation Rod
3621	TeamBlockRed	红团队块	Red Team Block
3622	TeamBlockRedPlatform	红团队平台	Red Team Platform
3623	StaticHook	静止钩	Static Hook
3624	ActuationAccessory	自动安放器	Presserator
3625	MulticolorWrench	五彩扳手	Multicolor Wrench
3626	WeightedPressurePlatePink	粉色测重压力板	Pink Weighted Pressure Plate
3627	EngineeringHelmet	工程头盔	Engineering Helmet
3628	CompanionCube	同伴方块	Companion Cube
3629	WireBulb	彩线灯泡	Wire Bulb
3630	WeightedPressurePlateOrange	橙色测重压力板	Orange Weighted Pressure Plate
3631	WeightedPressurePlatePurple	紫色测重压力板	Purple Weighted Pressure Plate
3632	WeightedPressurePlateCyan	青色测重压力板	Cyan Weighted Pressure Plate
3633	TeamBlockGreen	绿团队块	Green Team Block
3634	TeamBlockBlue	蓝团队块	Blue Team Block
3635	TeamBlockYellow	黄团队块	Yellow Team Block
3636	TeamBlockPink	粉团队块	Pink Team Block
3637	TeamBlockWhite	白团队块	White Team Block
3638	TeamBlockGreenPlatform	绿团队平台	Green Team Platform
3639	TeamBlockBluePlatform	蓝团队平台	Blue Team Platform
3640	TeamBlockYellowPlatform	黄团队平台	Yellow Team Platform
3641	TeamBlockPinkPlatform	粉团队平台	Pink Team Platform
3642	TeamBlockWhitePlatform	白团队平台	White Team Platform
3643	LargeAmber	大琥珀	Large Amber
3644	GemLockRuby	红玉宝石锁	Ruby Gem Lock
3645	GemLockSapphire	蓝玉宝石锁	Sapphire Gem Lock
3646	GemLockEmerald	翡翠宝石锁	Emerald Gem Lock
3647	GemLockTopaz	黄玉宝石锁	Topaz Gem Lock
3648	GemLockAmethyst	紫晶宝石锁	Amethyst Gem Lock
3649	GemLockDiamond	钻石宝石锁	Diamond Gem Lock
3650	GemLockAmber	琥珀宝石锁	Amber Gem Lock
3651	SquirrelStatue	松鼠雕像	Squirrel Statue
3652	ButterflyStatue	蝴蝶雕像	Butterfly Statue
3653	WormStatue	蠕虫雕像	Worm Statue
3654	FireflyStatue	萤火虫雕像	Firefly Statue
3655	ScorpionStatue	蝎子雕像	Scorpion Statue
3656	SnailStatue	蜗牛雕像	Snail Statue
3657	GrasshopperStatue	蚱蜢雕像	Grasshopper Statue
3658	MouseStatue	老鼠雕像	Mouse Statue
3659	DuckStatue	鸭雕像	Duck Statue
3660	PenguinStatue	企鹅雕像	Penguin Statue
3661	FrogStatue	青蛙雕像	Frog Statue
3662	BuggyStatue	蚜虫雕像	Buggy Statue
3663	LogicGateLamp_Faulty	逻辑门灯（故障）	Logic Gate Lamp (Faulty)
3664	PortalGunStation	传送枪站	Portal Gun Station
3665	Fake_Chest	机关宝箱	Trapped Chest
3666	Fake_GoldChest	机关金箱	Trapped Gold Chest
3667	Fake_ShadowChest	机关暗影箱	Trapped Shadow Chest
3668	Fake_EbonwoodChest	机关乌木箱	Trapped Ebonwood Chest
3669	Fake_RichMahoganyChest	机关红木箱	Trapped Rich Mahogany Chest
3670	Fake_PearlwoodChest	机关珍珠木箱	Trapped Pearlwood Chest
3671	Fake_IvyChest	机关常春藤箱	Trapped Ivy Chest
3672	Fake_IceChest	机关冰冻箱	Trapped Frozen Chest
3673	Fake_LivingWoodChest	机关生命木箱	Trapped Living Wood Chest
3674	Fake_SkywareChest	机关天域箱	Trapped Skyware Chest
3675	Fake_ShadewoodChest	机关暗影木箱	Trapped Shadewood Chest
3676	Fake_WebCoveredChest	机关蛛丝箱	Trapped Web Covered Chest
3677	Fake_LihzahrdChest	机关丛林蜥蜴箱	Trapped Lihzahrd Chest
3678	Fake_WaterChest	机关水中箱	Trapped Water Chest
3679	Fake_JungleChest	机关丛林箱	Trapped Jungle Chest
3680	Fake_CorruptionChest	机关腐化箱	Trapped Corruption Chest
3681	Fake_CrimsonChest	机关猩红箱	Trapped Crimson Chest
3682	Fake_HallowedChest	机关神圣箱	Trapped Hallowed Chest
3683	Fake_FrozenChest	机关冰雪箱	Trapped Ice Chest
3684	Fake_DynastyChest	机关王朝箱	Trapped Dynasty Chest
3685	Fake_HoneyChest	机关蜂蜜箱	Trapped Honey Chest
3686	Fake_SteampunkChest	机关蒸汽朋克箱	Trapped Steampunk Chest
3687	Fake_PalmWoodChest	机关棕榈木箱	Trapped Palm Wood Chest
3688	Fake_MushroomChest	机关蘑菇箱	Trapped Mushroom Chest
3689	Fake_BorealWoodChest	机关针叶木箱	Trapped Boreal Wood Chest
3690	Fake_SlimeChest	机关史莱姆箱	Trapped Slime Chest
3691	Fake_GreenDungeonChest	机关绿地牢箱	Trapped Green Dungeon Chest
3692	Fake_PinkDungeonChest	机关粉地牢箱	Trapped Pink Dungeon Chest
3693	Fake_BlueDungeonChest	机关蓝地牢箱	Trapped Blue Dungeon Chest
3694	Fake_BoneChest	机关骨箱	Trapped Bone Chest
3695	Fake_CactusChest	机关仙人掌箱	Trapped Cactus Chest
3696	Fake_FleshChest	机关血肉箱	Trapped Flesh Chest
3697	Fake_ObsidianChest	机关黑曜石箱	Trapped Obsidian Chest
3698	Fake_PumpkinChest	机关南瓜箱	Trapped Pumpkin Chest
3699	Fake_SpookyChest	机关阴森箱	Trapped Spooky Chest
3700	Fake_GlassChest	机关玻璃箱	Trapped Glass Chest
3701	Fake_MartianChest	机关火星箱	Trapped Martian Chest
3702	Fake_MeteoriteChest	机关陨石箱	Trapped Meteorite Chest
3703	Fake_GraniteChest	机关花岗岩箱	Trapped Granite Chest
3704	Fake_MarbleChest	机关大理石箱	Trapped Marble Chest
3705	Fake_newchest1	Fake_newchest1	Fake_newchest1
3706	Fake_newchest2	Fake_newchest2	Fake_newchest2
3707	ProjectilePressurePad	青绿压力垫板	Teal Pressure Pad
3708	WallCreeperStatue	爬墙蜘蛛雕像	Wall Creeper Statue
3709	UnicornStatue	独角兽雕像	Unicorn Statue
3710	DripplerStatue	滴滴怪雕像	Drippler Statue
3711	WraithStatue	幻灵雕像	Wraith Statue
3712	BoneSkeletonStatue	骨头骷髅雕像	Bone Skeleton Statue
3713	UndeadVikingStatue	亡灵维京海盗雕像	Undead Viking Statue
3714	MedusaStatue	蛇发女妖雕像	Medusa Statue
3715	HarpyStatue	鸟妖雕像	Harpy Statue
3716	PigronStatue	猪龙雕像	Pigron Statue
3717	HopliteStatue	装甲步兵雕像	Hoplite Statue
3718	GraniteGolemStatue	花岗岩巨人雕像	Granite Golem Statue
3719	ZombieArmStatue	武装僵尸雕像	Armed Zombie Statue
3720	BloodZombieStatue	血腥僵尸雕像	Blood Zombie Statue
3721	AnglerTackleBag	渔夫渔具袋	Angler Tackle Bag
3722	GeyserTrap	热喷泉	Geyser
3723	UltraBrightCampfire	超亮篝火	Ultrabright Campfire
3724	BoneCampfire	骨头篝火	Bone Campfire
3725	PixelBox	像素盒	Pixel Box
3726	LogicSensor_Water	液体感应器（水）	Liquid Sensor (Water)
3727	LogicSensor_Lava	液体感应器（熔岩）	Liquid Sensor (Lava)
3728	LogicSensor_Honey	液体感应器（蜂蜜）	Liquid Sensor (Honey)
3729	LogicSensor_Liquid	液体感应器（任何）	Liquid Sensor (Any)
3730	PartyBundleOfBalloonsAccessory	派对气球束	Bundled Party Balloons
3731	PartyBalloonAnimal	气球兔兔	Balloon Animal
3732	PartyHat	派对帽	Party Hat
3733	FlowerBoyHat	呆萌向日葵花瓣头盔	Silly Sunflower Petals
3734	FlowerBoyShirt	呆萌向日葵上衣	Silly Sunflower Tops
3735	FlowerBoyPants	呆萌向日葵裤装	Silly Sunflower Bottoms
3736	SillyBalloonPink	呆萌粉气球	Silly Pink Balloon
3737	SillyBalloonPurple	呆萌紫气球	Silly Purple Balloon
3738	SillyBalloonGreen	呆萌绿气球	Silly Green Balloon
3739	SillyStreamerBlue	蓝饰带	Blue Streamer
3740	SillyStreamerGreen	绿饰带	Green Streamer
3741	SillyStreamerPink	粉饰带	Pink Streamer
3742	SillyBalloonMachine	呆萌气球机	Silly Balloon Machine
3743	SillyBalloonTiedPink	呆萌丝带气球（粉）	Silly Tied Balloon (Pink)
3744	SillyBalloonTiedPurple	呆萌丝带气球（紫）	Silly Tied Balloon (Purple)
3745	SillyBalloonTiedGreen	呆萌丝带气球（绿）	Silly Tied Balloon (Green)
3746	Pigronata	猪龙彩罐	Pigronata
3747	PartyMonolith	派对中心	Party Center
3748	PartyBundleOfBalloonTile	呆萌丝带派对气球束	Silly Tied Bundle of Balloons
3749	PartyPresent	派对礼物	Party Present
3750	SliceOfCake	蛋糕块	Slice of Cake
3751	CogWall	齿轮墙	Cog Wall
3752	SandFallWall	落沙墙	Sandfall Wall
3753	SnowFallWall	降雪墙	Snowfall Wall
3754	SandFallBlock	落沙块	Sandfall Block
3755	SnowFallBlock	降雪块	Snowfall Block
3756	SnowCloudBlock	雪云	Snow Cloud
3757	PedguinHat	Pedguin的兜帽	Pedguin's Hood
3758	PedguinShirt	Pedguin的夹克	Pedguin's Jacket
3759	PedguinPants	Pedguin的裤子	Pedguin's Trousers
3760	SillyBalloonPinkWall	呆萌粉气球墙	Silly Pink Balloon Wall
3761	SillyBalloonPurpleWall	呆萌紫气球墙	Silly Purple Balloon Wall
3762	SillyBalloonGreenWall	呆萌绿气球墙	Silly Green Balloon Wall
3763	AviatorSunglasses	0x33的飞行员风镜	0x33's Aviators
3764	BluePhasesaber	蓝晶光刃	Blue Phasesaber
3765	RedPhasesaber	红晶光刃	Red Phasesaber
3766	GreenPhasesaber	绿晶光刃	Green Phasesaber
3767	PurplePhasesaber	紫晶光刃	Purple Phasesaber
3768	WhitePhasesaber	白晶光刃	White Phasesaber
3769	YellowPhasesaber	黄晶光刃	Yellow Phasesaber
3770	DjinnsCurse	神灵诅咒	Djinn's Curse
3771	AncientHorn	远古号角	Ancient Horn
3772	AntlionClaw	颌骨剑	Mandible Blade
3773	AncientArmorHat	远古头饰	Ancient Headdress
3774	AncientArmorShirt	远古上衣	Ancient Garments
3775	AncientArmorPants	远古裤	Ancient Slacks
3776	AncientBattleArmorHat	禁戒面具	Forbidden Mask
3777	AncientBattleArmorShirt	禁戒长袍	Forbidden Robes
3778	AncientBattleArmorPants	禁戒裤	Forbidden Treads
3779	SpiritFlame	神灯烈焰	Spirit Flame
3780	SandElementalBanner	沙尘精旗	Sand Elemental Banner
3781	PocketMirror	袖珍镜	Pocket Mirror
3782	MagicSandDropper	魔法沙粒滴管	Magic Sand Dropper
3783	AncientBattleArmorMaterial	禁戒碎片	Forbidden Fragment
3784	LamiaPants	拉弥亚蛇尾裤	Lamia Tail
3785	LamiaShirt	拉弥亚披肩	Lamia Wraps
3786	LamiaHat	拉弥亚面具	Lamia Mask
3787	SkyFracture	裂天剑	Sky Fracture
3788	OnyxBlaster	玛瑙爆破枪	Onyx Blaster
3789	SandsharkBanner	沙鲨旗	Sand Shark Banner
3790	SandsharkCorruptBanner	噬骨沙鲨旗	Bone Biter Banner
3791	SandsharkCrimsonBanner	戮血沙鲨旗	Flesh Reaver Banner
3792	SandsharkHallowedBanner	水晶沙鲨旗	Crystal Thresher Banner
3793	TumbleweedBanner	愤怒翻滚怪旗	Angry Tumbler Banner
3794	AncientCloth	远古布匹	Ancient Cloth
3795	DjinnLamp	沙漠幽魂灯	Desert Spirit Lamp
3796	MusicBoxSandstorm	八音盒（沙尘暴）	Music Box (Sandstorm)
3797	ApprenticeHat	学徒帽	Apprentice's Hat
3798	ApprenticeRobe	学徒长袍	Apprentice's Robe
3799	ApprenticeTrousers	学徒裤	Apprentice's Trousers
3800	SquireGreatHelm	侍卫大头盔	Squire's Great Helm
3801	SquirePlating	侍卫板甲	Squire's Plating
3802	SquireGreaves	侍卫护胫	Squire's Greaves
3803	HuntressWig	女猎人假发	Huntress's Wig
3804	HuntressJerkin	女猎人上衣	Huntress's Jerkin
3805	HuntressPants	女猎人裤	Huntress's Pants
3806	MonkBrows	武僧浓眉秃头帽	Monk's Bushy Brow Bald Cap
3807	MonkShirt	武僧衣	Monk's Shirt
3808	MonkPants	武僧裤	Monk's Pants
3809	ApprenticeScarf	学徒围巾	Apprentice's Scarf
3810	SquireShield	侍卫护盾	Squire's Shield
3811	HuntressBuckler	女猎人圆盾	Huntress's Buckler
3812	MonkBelt	武僧腰带	Monk's Belt
3813	DefendersForge	护卫熔炉	Defender's Forge
3814	WarTable	战争桌	War Table
3815	WarTableBanner	战争桌旗	War Table Banner
3816	DD2ElderCrystalStand	永恒水晶座	Eternia Crystal Stand
3817	DefenderMedal	护卫奖章	Defender Medal
3818	DD2FlameburstTowerT1Popper	爆炸烈焰魔杖	Flameburst Rod
3819	DD2FlameburstTowerT2Popper	爆炸烈焰手杖	Flameburst Cane
3820	DD2FlameburstTowerT3Popper	爆炸烈焰法杖	Flameburst Staff
3821	AleThrowingGlove	麦芽酒投掷器	Ale Tosser
3822	DD2EnergyCrystal	埃特尼亚魔力	Etherian Mana
3823	DD2SquireDemonSword	地狱之剑	Brand of the Inferno
3824	DD2BallistraTowerT1Popper	弩车魔杖	Ballista Rod
3825	DD2BallistraTowerT2Popper	弩车手杖	Ballista Cane
3826	DD2BallistraTowerT3Popper	弩车法杖	Ballista Staff
3827	DD2SquireBetsySword	飞龙	Flying Dragon
3828	DD2ElderCrystal	永恒水晶	Eternia Crystal
3829	DD2LightningAuraT1Popper	闪电光环魔杖	Lightning Aura Rod
3830	DD2LightningAuraT2Popper	闪电光环手杖	Lightning Aura Cane
3831	DD2LightningAuraT3Popper	闪电光环法杖	Lightning Aura Staff
3832	DD2ExplosiveTrapT1Popper	爆炸机关魔杖	Explosive Trap Rod
3833	DD2ExplosiveTrapT2Popper	爆炸机关手杖	Explosive Trap Cane
3834	DD2ExplosiveTrapT3Popper	爆炸机关法杖	Explosive Trap Staff
3835	MonkStaffT1	瞌睡章鱼	Sleepy Octopod
3836	MonkStaffT2	恐怖关刀	Ghastly Glaive
3837	DD2GoblinBomberBanner	埃特尼亚哥布林投弹手旗	Etherian Goblin Bomber Banner
3838	DD2GoblinBanner	埃特尼亚哥布林旗	Etherian Goblin Banner
3839	DD2SkeletonBanner	撒旦骷髅旗	Old One's Skeleton Banner
3840	DD2DrakinBanner	德拉克龙旗	Drakin Banner
3841	DD2KoboldFlyerBanner	小妖魔滑翔怪旗	Kobold Glider Banner
3842	DD2KoboldBanner	小妖魔旗	Kobold Banner
3843	DD2WitherBeastBanner	枯萎兽旗	Wither Beast Banner
3844	DD2WyvernBanner	埃特尼亚飞龙旗	Etherian Wyvern Banner
3845	DD2JavelinThrowerBanner	埃特尼亚标枪投掷怪旗	Etherian Javelin Thrower Banner
3846	DD2LightningBugBanner	埃特尼亚荧光虫旗	Etherian Lightning Bug Banner
3847	OgreMask	OgreMask	OgreMask
3848	GoblinMask	GoblinMask	GoblinMask
3849	GoblinBomberCap	GoblinBomberCap	GoblinBomberCap
3850	EtherianJavelin	EtherianJavelin	EtherianJavelin
3851	KoboldDynamiteBackpack	KoboldDynamiteBackpack	KoboldDynamiteBackpack
3852	BookStaff	无限智慧巨著	Tome of Infinite Wisdom
3853	BoringBow	BoringBow	BoringBow
3854	DD2PhoenixBow	幽灵凤凰	Phantom Phoenix
3855	DD2PetGato	Gato蛋	Gato Egg
3856	DD2PetGhost	飞眼怪蛋	Creeper Egg
3857	DD2PetDragon	龙蛋	Dragon Egg
3858	MonkStaffT3	天龙之怒	Sky Dragon's Fury
3859	DD2BetsyBow	空中祸害	Aerial Bane
3860	BossBagBetsy	宝藏袋（双足翼龙）	Treasure Bag (Betsy)
3861	BossBagOgre	BossBagOgre	BossBagOgre
3862	BossBagDarkMage	BossBagDarkMage	BossBagDarkMage
3863	BossMaskBetsy	双足翼龙面具	Betsy Mask
3864	BossMaskDarkMage	暗黑魔法师面具	Dark Mage Mask
3865	BossMaskOgre	食人魔面具	Ogre Mask
3866	BossTrophyBetsy	双足翼龙纪念章	Betsy Trophy
3867	BossTrophyDarkmage	暗黑魔法师纪念章	Dark Mage Trophy
3868	BossTrophyOgre	食人魔纪念章	Ogre Trophy
3869	MusicBoxDD2	音乐盒（撒旦军队）	Music Box (Old One's Army)
3870	ApprenticeStaffT3	双足翼龙怒气	Betsy's Wrath
3871	SquireAltHead	英灵殿骑士头盔	Valhalla Knight's Helm
3872	SquireAltShirt	英灵殿骑士胸甲	Valhalla Knight's Breastplate
3873	SquireAltPants	英灵殿骑士护胫	Valhalla Knight's Greaves
3874	ApprenticeAltHead	暗黑艺术家帽子	Dark Artist's Hat
3875	ApprenticeAltShirt	暗黑艺术家长袍	Dark Artist's Robes
3876	ApprenticeAltPants	暗黑艺术家护腿	Dark Artist's Leggings
3877	HuntressAltHead	红色骑术兜帽	Red Riding Hood
3878	HuntressAltShirt	红色骑术服	Red Riding Dress
3879	HuntressAltPants	红色骑术护腿	Red Riding Leggings
3880	MonkAltHead	渗透忍者头盔	Shinobi Infiltrator's Helmet
3881	MonkAltShirt	渗透忍者上衣	Shinobi Infiltrator's Torso
3882	MonkAltPants	渗透忍者裤装	Shinobi Infiltrator's Pants
3883	BetsyWings	双足翼龙之翼	Betsy's Wings
3884	CrystalChest	水晶箱	Crystal Chest
3885	GoldenChest	金宝箱	Golden Chest
3886	Fake_CrystalChest	机关水晶箱	Trapped Crystal Chest
3887	Fake_GoldenChest	机关金宝箱	Trapped Golden Chest
3888	CrystalDoor	水晶门	Crystal Door
3889	CrystalChair	水晶椅	Crystal Chair
3890	CrystalCandle	水晶蜡烛	Crystal Candle
3891	CrystalLantern	水晶灯笼	Crystal Lantern
3892	CrystalLamp	水晶灯	Crystal Lamp
3893	CrystalCandelabra	水晶烛台	Crystal Candelabra
3894	CrystalChandelier	水晶吊灯	Crystal Chandelier
3895	CrystalBathtub	水晶浴缸	Crystal Bathtub
3896	CrystalSink	水晶水槽	Crystal Sink
3897	CrystalBed	水晶床	Crystal Bed
3898	CrystalClock	水晶时钟	Crystal Clock
3899	SkywareClock2	日盘时钟	Sunplate Clock
3900	DungeonClockBlue	蓝地牢时钟	Blue Dungeon Clock
3901	DungeonClockGreen	绿地牢时钟	Green Dungeon Clock
3902	DungeonClockPink	粉地牢时钟	Pink Dungeon Clock
3903	CrystalPlatform	水晶平台	Crystal Platform
3904	GoldenPlatform	金平台	Golden Platform
3905	DynastyPlatform	王朝木平台	Dynasty Wood Platform
3906	LihzahrdPlatform	丛林蜥蜴平台	Lihzahrd Platform
3907	FleshPlatform	血肉平台	Flesh Platform
3908	FrozenPlatform	冰冻平台	Frozen Platform
3909	CrystalWorkbench	水晶工作台	Crystal Work Bench
3910	GoldenWorkbench	金工作台	Golden Work Bench
3911	CrystalDresser	水晶梳妆台	Crystal Dresser
3912	DynastyDresser	王朝梳妆台	Dynasty Dresser
3913	FrozenDresser	冰冻梳妆台	Frozen Dresser
3914	LivingWoodDresser	生命木梳妆台	Living Wood Dresser
3915	CrystalPiano	水晶钢琴	Crystal Piano
3916	DynastyPiano	王朝钢琴	Dynasty Piano
3917	CrystalBookCase	水晶书架	Crystal Bookcase
3918	CrystalSofaHowDoesThatEvenWork	水晶沙发	Crystal Sofa
3919	DynastySofa	王朝沙发	Dynasty Sofa
3920	CrystalTable	水晶桌	Crystal Table
3921	ArkhalisHat	Arkhalis的兜帽	Arkhalis' Hood
3922	ArkhalisShirt	Arkhalis的紧身衣	Arkhalis' Bodice
3923	ArkhalisPants	Arkhalis的紧身服	Arkhalis' Tights
3924	ArkhalisWings	Arkhalis的飞翼	Arkhalis' Lightwings
3925	LeinforsHat	Leinfors的护发器	Leinfors' Hair Protector
3926	LeinforsShirt	Leinfors的奇异风	Leinfors' Excessive Style
3927	LeinforsPants	Leinfors的潮裤	Leinfors' Fancypants
3928	LeinforsWings	Leinfors的卷缠斗篷	Leinfors' Prehensile Cloak
3929	LeinforsAccessory	Leinfors的奢华洗发液	Leinfors' Luxury Shampoo
3930	Celeb2	喜庆弹射器Mk2	Celebration Mk2
3931	SpiderBathtub	蜘蛛浴缸	Spider Bathtub
3932	SpiderBed	蜘蛛床	Spider Bed
3933	SpiderBookcase	蜘蛛书架	Spider Bookcase
3934	SpiderDresser	蜘蛛梳妆台	Spider Dresser
3935	SpiderCandelabra	蜘蛛烛台	Spider Candelabra
3936	SpiderCandle	蜘蛛蜡烛	Spider Candle
3937	SpiderChair	蜘蛛椅	Spider Chair
3938	SpiderChandelier	蜘蛛吊灯	Spider Chandelier
3939	SpiderChest	蜘蛛箱	Spider Chest
3940	SpiderClock	蜘蛛时钟	Spider Clock
3941	SpiderDoor	蜘蛛门	Spider Door
3942	SpiderLamp	蜘蛛灯	Spider Lamp
3943	SpiderLantern	蜘蛛灯笼	Spider Lantern
3944	SpiderPiano	蜘蛛钢琴	Spider Piano
3945	SpiderPlatform	蜘蛛平台	Spider Platform
3946	SpiderSinkSpiderSinkDoesWhateverASpiderSinkDoes	蜘蛛水槽	Spider Sink
3947	SpiderSofa	蜘蛛沙发	Spider Sofa
3948	SpiderTable	蜘蛛桌	Spider Table
3949	SpiderWorkbench	蜘蛛工作台	Spider Work Bench
3950	Fake_SpiderChest	机关蜘蛛箱	Trapped Spider Chest
3951	IronBrick	铁砖	Iron Brick
3952	IronBrickWall	铁砖墙	Iron Brick Wall
3953	LeadBrick	铅砖	Lead Brick
3954	LeadBrickWall	铅砖墙	Lead Brick Wall
3955	LesionBlock	病变块	Lesion Block
3956	LesionBlockWall	病变块墙	Lesion Block Wall
3957	LesionPlatform	病变平台	Lesion Platform
3958	LesionBathtub	病变浴缸	Lesion Bathtub
3959	LesionBed	病变床	Lesion Bed
3960	LesionBookcase	病变书架	Lesion Bookcase
3961	LesionCandelabra	病变烛台	Lesion Candelabra
3962	LesionCandle	病变蜡烛	Lesion Candle
3963	LesionChair	病变椅	Lesion Chair
3964	LesionChandelier	病变吊灯	Lesion Chandelier
3965	LesionChest	病变宝箱	Lesion Chest
3966	LesionClock	病变时钟	Lesion Clock
3967	LesionDoor	病变门	Lesion Door
3968	LesionDresser	病变梳妆台	Lesion Dresser
3969	LesionLamp	病变灯	Lesion Lamp
3970	LesionLantern	病变灯笼	Lesion Lantern
3971	LesionPiano	病变钢琴	Lesion Piano
3972	LesionSink	病变水槽	Lesion Sink
3973	LesionSofa	病变沙发	Lesion Sofa
3974	LesionTable	病变桌	Lesion Table
3975	LesionWorkbench	病变工作台	Lesion Work Bench
3976	Fake_LesionChest	机关病变箱	Trapped Lesion Chest
3977	HatRack	帽架	Hat Rack
3978	ColorOnlyDye	ColorOnlyDye	ColorOnlyDye
3979	WoodenCrateHard	珍珠木匣	Pearlwood Crate
3980	IronCrateHard	秘银匣	Mythril Crate
3981	GoldenCrateHard	钛金匣	Titanium Crate
3982	CorruptFishingCrateHard	污损匣	Defiled Crate
3983	CrimsonFishingCrateHard	血匣	Hematic Crate
3984	DungeonFishingCrateHard	围栏匣	Stockade Crate
3985	FloatingIslandFishingCrateHard	天蓝匣	Azure Crate
3986	HallowedFishingCrateHard	天赐匣	Divine Crate
3987	JungleFishingCrateHard	荆棘匣	Bramble Crate
3988	DeadMansChest	死人宝箱	Dead Man's Chest
3989	GolfBall	高尔夫球	Golf Ball
3990	AmphibianBoots	水陆两用靴	Amphibian Boots
3991	ArcaneFlower	奥术花	Arcane Flower
3992	BerserkerGlove	狂战士手套	Berserker's Glove
3993	FairyBoots	仙灵靴	Fairy Boots
3994	FrogFlipper	青蛙脚蹼	Frog Flipper
3995	FrogGear	青蛙装备	Frog Gear
3996	FrogWebbing	青蛙蹼	Frog Webbing
3997	FrozenShield	冰冻护盾	Frozen Shield
3998	HeroShield	英雄护盾	Hero Shield
3999	LavaSkull	岩浆骷髅头	Magma Skull
4000	MagnetFlower	磁花	Magnet Flower
4001	ManaCloak	魔力斗篷	Mana Cloak
4002	MoltenQuiver	熔火箭袋	Molten Quiver
4003	MoltenSkullRose	熔火骷髅头玫瑰	Molten Skull Rose
4004	ObsidianSkullRose	黑曜石骷髅头玫瑰	Obsidian Skull Rose
4005	ReconScope	侦察镜	Recon Scope
4006	StalkersQuiver	潜行者箭袋	Stalker's Quiver
4007	StingerNecklace	毒刺项链	Stinger Necklace
4008	UltrabrightHelmet	超亮头盔	Ultrabright Helmet
4009	Apple	苹果	Apple
4010	ApplePieSlice	苹果派切片	Apple Pie Slice
4011	ApplePie	苹果派	Apple Pie
4012	BananaSplit	香蕉船	Banana Split
4013	BBQRibs	烧烤肋排	BBQ Ribs
4014	BunnyStew	炖兔兔	Bunny Stew
4015	Burger	汉堡	Burger
4016	ChickenNugget	鸡块	Chicken Nugget
4017	ChocolateChipCookie	巧克力曲奇饼干	Chocolate Chip Cookie
4018	CreamSoda	奶油苏打水	Cream Soda
4019	Escargot	食用蜗牛	Escargot
4020	FriedEgg	煎蛋	Fried Egg
4021	Fries	炸薯条	Fries
4022	GoldenDelight	金美味	Golden Delight
4023	Grapes	葡萄	Grapes
4024	GrilledSquirrel	烤松鼠	Grilled Squirrel
4025	Hotdog	热狗	Hotdog
4026	IceCream	冰淇淋	Ice Cream
4027	Milkshake	奶昔	Milkshake
4028	Nachos	玉米片	Nachos
4029	Pizza	披萨	Pizza
4030	PotatoChips	薯片	Potato Chips
4031	RoastedBird	烤鸟	Roasted Bird
4032	RoastedDuck	烤鸭	Roasted Duck
4033	SauteedFrogLegs	炒蛙腿	Sauteed Frog Legs
4034	SeafoodDinner	海鲜大餐	Seafood Dinner
4035	ShrimpPoBoy	鲜虾三明治	Shrimp Po' Boy
4036	Spaghetti	意大利面	Spaghetti
4037	Steak	牛排	Steak
4038	MoltenCharm	熔火护身符	Molten Charm
4039	GolfClubIron	高尔夫球杆（铁杆）	Golf Club (Iron)
4040	GolfCup	高尔夫球洞	Golf Cup
4041	FlowerPacketBlue	蓝花种子	Blue Flower Seeds
4042	FlowerPacketMagenta	洋红花种子	Magenta Flower Seeds
4043	FlowerPacketPink	粉花种子	Pink Flower Seeds
4044	FlowerPacketRed	红花种子	Red Flower Seeds
4045	FlowerPacketYellow	黄花种子	Yellow Flower Seeds
4046	FlowerPacketViolet	蓝紫花种子	Violet Flower Seeds
4047	FlowerPacketWhite	白花种子	White Flower Seeds
4048	FlowerPacketTallGrass	高茎草种子	Tall Grass Seeds
4049	LawnMower	割草机	Lawn Mower
4050	CrimstoneBrick	猩红石砖	Crimstone Brick
4051	SmoothSandstone	光面沙岩	Smooth Sandstone
4052	CrimstoneBrickWall	猩红石砖墙	Crimstone Brick Wall
4053	SmoothSandstoneWall	光面沙岩墙	Smooth Sandstone Wall
4054	BloodMoonMonolith	血月天塔柱	Blood Moon Monolith
4055	SandBoots	沙丘行者靴	Dunerider Boots
4056	AncientChisel	远古凿子	Ancient Chisel
4057	CarbonGuitar	雨歌	Rain Song
4058	SkeletonBow	骷髅头弓	Skull Bow
4059	FossilPickaxe	化石镐	Fossil Pickaxe
4060	SuperStarCannon	超级星星炮	Super Star Shooter
4061	ThunderSpear	风暴长矛	Storm Spear
4062	ThunderStaff	霹雳法杖	Thunder Zapper
4063	DrumSet	鼓组	Drum Set
4064	PicnicTable	野餐桌	Picnic Table
4065	PicnicTableWithCloth	精致野餐桌	Fancy Picnic Table
4066	DesertMinecart	沙漠矿车	Desert Minecart
4067	FishMinecart	鲤鱼矿车	Minecarp
4068	FairyCritterPink	粉仙灵	Pink Fairy
4069	FairyCritterGreen	绿仙灵	Green Fairy
4070	FairyCritterBlue	蓝仙灵	Blue Fairy
4071	JunoniaShell	涡螺壳	Junonia Shell
4072	LightningWhelkShell	香螺壳	Lightning Whelk Shell
4073	TulipShell	旋螺壳	Tulip Shell
4074	PinWheel	风车	Pin Wheel
4075	WeatherVane	风向标	Weather Vane
4076	VoidVault	虚空保险库	Void Vault
4077	MusicBoxOceanAlt	八音盒（海洋夜晚）	Music Box (Ocean Night)
4078	MusicBoxSlimeRain	八音盒（史莱姆雨）	Music Box (Slime Rain)
4079	MusicBoxSpaceAlt	八音盒（太空白天）	Music Box (Space Day)
4080	MusicBoxTownDay	八音盒（城镇白天）	Music Box (Town Day)
4081	MusicBoxTownNight	八音盒（城镇夜晚）	Music Box (Town Night)
4082	MusicBoxWindyDay	八音盒（大风天）	Music Box (Windy Day)
4083	GolfCupFlagWhite	白三角旗	White Pin Flag
4084	GolfCupFlagRed	红三角旗	Red Pin Flag
4085	GolfCupFlagGreen	绿三角旗	Green Pin Flag
4086	GolfCupFlagBlue	蓝三角旗	Blue Pin Flag
4087	GolfCupFlagYellow	黄三角旗	Yellow Pin Flag
4088	GolfCupFlagPurple	紫三角旗	Purple Pin Flag
4089	GolfTee	高尔夫球座	Golf Tee
4090	ShellPileBlock	贝壳堆	Shell Pile
4091	AntiPortalBlock	反传送门块	Anti-Portal Block
4092	GolfClubPutter	高尔夫球杆（推杆）	Golf Club (Putter)
4093	GolfClubWedge	高尔夫球杆（挖起杆）	Golf Club (Wedge)
4094	GolfClubDriver	高尔夫球杆（木杆）	Golf Club (Driver)
4095	GolfWhistle	高尔夫口哨	Golf Whistle
4096	ToiletEbonyWood	乌木马桶	Ebonwood Toilet
4097	ToiletRichMahogany	红木马桶	Rich Mahogany Toilet
4098	ToiletPearlwood	珍珠木马桶	Pearlwood Toilet
4099	ToiletLivingWood	生命木马桶	Living Wood Toilet
4100	ToiletCactus	仙人掌马桶	Cactus Toilet
4101	ToiletBone	骨头马桶	Bone Toilet
4102	ToiletFlesh	血肉马桶	Flesh Toilet
4103	ToiletMushroom	蘑菇马桶	Mushroom Toilet
4104	ToiletSunplate	天域马桶	Skyware Toilet
4105	ToiletShadewood	暗影木马桶	Shadewood Toilet
4106	ToiletLihzhard	丛林蜥蜴马桶	Lihzahrd Toilet
4107	ToiletDungeonBlue	蓝地牢马桶	Blue Dungeon Toilet
4108	ToiletDungeonGreen	绿地牢马桶	Green Dungeon Toilet
4109	ToiletDungeonPink	粉地牢马桶	Pink Dungeon Toilet
4110	ToiletObsidian	黑曜石马桶	Obsidian Toilet
4111	ToiletFrozen	冰冻马桶	Frozen Toilet
4112	ToiletGlass	玻璃马桶	Glass Toilet
4113	ToiletHoney	蜂蜜马桶	Honey Toilet
4114	ToiletSteampunk	蒸汽朋克马桶	Steampunk Toilet
4115	ToiletPumpkin	南瓜马桶	Pumpkin Toilet
4116	ToiletSpooky	阴森马桶	Spooky Toilet
4117	ToiletDynasty	王朝马桶	Dynasty Toilet
4118	ToiletPalm	棕榈木马桶	Palm Wood Toilet
4119	ToiletBoreal	针叶木马桶	Boreal Wood Toilet
4120	ToiletSlime	史莱姆马桶	Slime Toilet
4121	ToiletMartian	火星马桶	Martian Toilet
4122	ToiletGranite	花岗岩马桶	Granite Toilet
4123	ToiletMarble	大理石马桶	Marble Toilet
4124	ToiletCrystal	水晶马桶	Crystal Toilet
4125	ToiletSpider	蜘蛛马桶	Spider Toilet
4126	ToiletLesion	病变马桶	Lesion Toilet
4127	ToiletDiamond	钻石马桶	Diamond Toilet
4128	MaidHead	女仆帽	Maid Bonnet
4129	MaidShirt	女仆裙	Maid Dress
4130	MaidPants	女仆鞋	Maid Shoes
4131	VoidLens	虚空袋	Void Bag
4132	MaidHead2	粉女仆帽	Pink Maid Bonnet
4133	MaidShirt2	粉女仆裙	Pink Maid Dress
4134	MaidPants2	粉女仆鞋	Pink Maid Shoes
4135	GolfHat	乡村俱乐部帽	Country Club Cap
4136	GolfShirt	乡村俱乐部背心	Country Club Vest
4137	GolfPants	乡村俱乐部长裤	Country Club Trousers
4138	GolfVisor	乡村俱乐部帽舌	Country Club Visor
4139	SpiderBlock	蜘蛛窝块	Spider Nest Block
4140	SpiderWall	蜘蛛窝墙	Spider Nest Wall
4141	ToiletMeteor	陨石马桶	Meteorite Toilet
4142	LesionStation	腐变室	Decay Chamber
4143	ManaCloakStar		
4144	Terragrim	泰拉魔刃	Terragrim
4145	SolarBathtub	日耀浴缸	Solar Bathtub
4146	SolarBed	日耀床	Solar Bed
4147	SolarBookcase	日耀书架	Solar Bookcase
4148	SolarDresser	日耀梳妆台	Solar Dresser
4149	SolarCandelabra	日耀烛台	Solar Candelabra
4150	SolarCandle	日耀蜡烛	Solar Candle
4151	SolarChair	日耀椅	Solar Chair
4152	SolarChandelier	日耀吊灯	Solar Chandelier
4153	SolarChest	日耀箱	Solar Chest
4154	SolarClock	日耀时钟	Solar Clock
4155	SolarDoor	日耀门	Solar Door
4156	SolarLamp	日耀灯	Solar Lamp
4157	SolarLantern	日耀灯笼	Solar Lantern
4158	SolarPiano	日耀钢琴	Solar Piano
4159	SolarPlatform	日耀平台	Solar Platform
4160	SolarSink	日耀水槽	Solar Sink
4161	SolarSofa	日耀沙发	Solar Sofa
4162	SolarTable	日耀桌	Solar Table
4163	SolarWorkbench	日耀工作台	Solar Work Bench
4164	Fake_SolarChest	机关日耀箱	Trapped Solar Chest
4165	SolarToilet	日耀马桶	Solar Toilet
4166	VortexBathtub	星旋浴缸	Vortex Bathtub
4167	VortexBed	星旋床	Vortex Bed
4168	VortexBookcase	星旋书架	Vortex Bookcase
4169	VortexDresser	星旋梳妆台	Vortex Dresser
4170	VortexCandelabra	星旋烛台	Vortex Candelabra
4171	VortexCandle	星旋蜡烛	Vortex Candle
4172	VortexChair	星旋椅	Vortex Chair
4173	VortexChandelier	星旋吊灯	Vortex Chandelier
4174	VortexChest	星旋箱	Vortex Chest
4175	VortexClock	星旋时钟	Vortex Clock
4176	VortexDoor	星旋门	Vortex Door
4177	VortexLamp	星旋灯	Vortex Lamp
4178	VortexLantern	星旋灯笼	Vortex Lantern
4179	VortexPiano	星旋钢琴	Vortex Piano
4180	VortexPlatform	星旋平台	Vortex Platform
4181	VortexSink	星旋水槽	Vortex Sink
4182	VortexSofa	星旋沙发	Vortex Sofa
4183	VortexTable	星旋桌	Vortex Table
4184	VortexWorkbench	星旋工作台	Vortex Work Bench
4185	Fake_VortexChest	机关星旋箱	Trapped Vortex Chest
4186	VortexToilet	星旋马桶	Vortex Toilet
4187	NebulaBathtub	星云浴缸	Nebula Bathtub
4188	NebulaBed	星云床	Nebula Bed
4189	NebulaBookcase	星云书架	Nebula Bookcase
4190	NebulaDresser	星云梳妆台	Nebula Dresser
4191	NebulaCandelabra	星云烛台	Nebula Candelabra
4192	NebulaCandle	星云蜡烛	Nebula Candle
4193	NebulaChair	星云椅	Nebula Chair
4194	NebulaChandelier	星云吊灯	Nebula Chandelier
4195	NebulaChest	星云箱	Nebula Chest
4196	NebulaClock	星云时钟	Nebula Clock
4197	NebulaDoor	星云门	Nebula Door
4198	NebulaLamp	星云灯	Nebula Lamp
4199	NebulaLantern	星云灯笼	Nebula Lantern
4200	NebulaPiano	星云钢琴	Nebula Piano
4201	NebulaPlatform	星云平台	Nebula Platform
4202	NebulaSink	星云水槽	Nebula Sink
4203	NebulaSofa	星云沙发	Nebula Sofa
4204	NebulaTable	星云桌	Nebula Table
4205	NebulaWorkbench	星云工作台	Nebula Work Bench
4206	Fake_NebulaChest	机关星云箱	Trapped Nebula Chest
4207	NebulaToilet	星云马桶	Nebula Toilet
4208	StardustBathtub	星尘浴缸	Stardust Bathtub
4209	StardustBed	星尘床	Stardust Bed
4210	StardustBookcase	星尘书架	Stardust Bookcase
4211	StardustDresser	星尘梳妆台	Stardust Dresser
4212	StardustCandelabra	星尘烛台	Stardust Candelabra
4213	StardustCandle	星尘蜡烛	Stardust Candle
4214	StardustChair	星尘椅	Stardust Chair
4215	StardustChandelier	星尘吊灯	Stardust Chandelier
4216	StardustChest	星尘箱	Stardust Chest
4217	StardustClock	星尘时钟	Stardust Clock
4218	StardustDoor	星尘门	Stardust Door
4219	StardustLamp	星尘灯	Stardust Lamp
4220	StardustLantern	星尘灯笼	Stardust Lantern
4221	StardustPiano	星尘钢琴	Stardust Piano
4222	StardustPlatform	星尘平台	Stardust Platform
4223	StardustSink	星尘水槽	Stardust Sink
4224	StardustSofa	星尘沙发	Stardust Sofa
4225	StardustTable	星尘桌	Stardust Table
4226	StardustWorkbench	星尘工作台	Stardust Work Bench
4227	Fake_StardustChest	机关星尘箱	Trapped Stardust Chest
4228	StardustToilet	星尘马桶	Stardust Toilet
4229	SolarBrick	日耀砖	Solar Brick
4230	VortexBrick	星旋砖	Vortex Brick
4231	NebulaBrick	星云砖	Nebula Brick
4232	StardustBrick	星尘砖	Stardust Brick
4233	SolarBrickWall	日耀砖墙	Solar Brick Wall
4234	VortexBrickWall	星旋砖墙	Vortex Brick Wall
4235	NebulaBrickWall	星云砖墙	Nebula Brick Wall
4236	StardustBrickWall	星尘砖墙	Stardust Brick Wall
4237	MusicBoxDayRemix	八音盒（白天混音）	Music Box (Day Remix)
4238	CrackedBlueBrick	破裂蓝砖	Cracked Blue Brick
4239	CrackedGreenBrick	破裂绿砖	Cracked Green Brick
4240	CrackedPinkBrick	破裂粉砖	Cracked Pink Brick
4241	FlowerPacketWild	野花种子	Wild Flower Seeds
4242	GolfBallDyedBlack	黑高尔夫球	Black Golf Ball
4243	GolfBallDyedBlue	蓝高尔夫球	Blue Golf Ball
4244	GolfBallDyedBrown	棕高尔夫球	Brown Golf Ball
4245	GolfBallDyedCyan	青高尔夫球	Cyan Golf Ball
4246	GolfBallDyedGreen	绿高尔夫球	Green Golf Ball
4247	GolfBallDyedLimeGreen	橙绿高尔夫球	Lime Golf Ball
4248	GolfBallDyedOrange	橙高尔夫球	Orange Golf Ball
4249	GolfBallDyedPink	粉高尔夫球	Pink Golf Ball
4250	GolfBallDyedPurple	紫高尔夫球	Purple Golf Ball
4251	GolfBallDyedRed	红高尔夫球	Red Golf Ball
4252	GolfBallDyedSkyBlue	天蓝高尔夫球	Sky Blue Golf Ball
4253	GolfBallDyedTeal	青绿高尔夫球	Teal Golf Ball
4254	GolfBallDyedViolet	蓝紫高尔夫球	Violet Golf Ball
4255	GolfBallDyedYellow	黄高尔夫球	Yellow Golf Ball
4256	AmberRobe	琥珀长袍	Amber Robe
4257	AmberHook	琥珀钩	Amber Hook
4258	OrangePhaseblade	橙陨石光剑	Orange Phaseblade
4259	OrangePhasesaber	橙晶光刃	Orange Phasesaber
4260	OrangeStainedGlass	橙花窗玻璃	Orange Stained Glass
4261	OrangePressurePlate	橙压力板	Orange Pressure Plate
4262	MysticCoilSnake	耍蛇者长笛	Snake Charmer's Flute
4263	MagicConch	魔法海螺	Magic Conch
4264	GolfCart	高尔夫球车钥匙	Golf Cart Keys
4265	GolfChest	高尔夫箱	Golf Chest
4266	Fake_GolfChest	机关高尔夫箱	Trapped Golf Chest
4267	DesertChest	沙岩箱	Sandstone Chest
4268	Fake_DesertChest	机关沙岩箱	Trapped Sandstone Chest
4269	SanguineStaff	血红法杖	Sanguine Staff
4270	SharpTears	血荆棘	Blood Thorn
4271	BloodMoonStarter	血泪	Bloody Tear
4272	DripplerFlail	滴滴怪致残者	Drippler Crippler
4273	VampireFrogStaff	吸血鬼青蛙法杖	Vampire Frog Staff
4274	GoldGoldfish	金金鱼	Gold Goldfish
4275	GoldGoldfishBowl	金鱼缸	Gold Fish Bowl
4276	CatBast	巴斯特雕像	Bast Statue
4277	GoldStarryGlassBlock	金星块	Gold Starry Block
4278	BlueStarryGlassBlock	蓝星块	Blue Starry Block
4279	GoldStarryGlassWall	金星墙	Gold Starry Wall
4280	BlueStarryGlassWall	蓝星墙	Blue Starry Wall
4281	BabyBirdStaff	雀杖	Finch Staff
4282	Apricot	杏	Apricot
4283	Banana	香蕉	Banana
4284	BlackCurrant	黑醋栗	Blackcurrant
4285	BloodOrange	血橙	Blood Orange
4286	Cherry	樱桃	Cherry
4287	Coconut	椰子	Coconut
4288	Dragonfruit	火龙果	Dragon Fruit
4289	Elderberry	接骨木果	Elderberry
4290	Grapefruit	葡萄柚	Grapefruit
4291	Lemon	柠檬	Lemon
4292	Mango	芒果	Mango
4293	Peach	桃子	Peach
4294	Pineapple	菠萝	Pineapple
4295	Plum	李子	Plum
4296	Rambutan	红毛丹	Rambutan
4297	Starfruit	杨桃	Star Fruit
4298	SandstoneBathtub	沙岩浴缸	Sandstone Bathtub
4299	SandstoneBed	沙岩床	Sandstone Bed
4300	SandstoneBookcase	沙岩书架	Sandstone Bookcase
4301	SandstoneDresser	沙岩梳妆台	Sandstone Dresser
4302	SandstoneCandelabra	沙岩烛台	Sandstone Candelabra
4303	SandstoneCandle	沙岩蜡烛	Sandstone Candle
4304	SandstoneChair	沙岩椅	Sandstone Chair
4305	SandstoneChandelier	沙岩吊灯	Sandstone Chandelier
4306	SandstoneClock	沙岩时钟	Sandstone Clock
4307	SandstoneDoor	沙岩门	Sandstone Door
4308	SandstoneLamp	沙岩灯	Sandstone Lamp
4309	SandstoneLantern	沙岩灯笼	Sandstone Lantern
4310	SandstonePiano	沙岩钢琴	Sandstone Piano
4311	SandstonePlatform	沙岩平台	Sandstone Platform
4312	SandstoneSink	沙岩水槽	Sandstone Sink
4313	SandstoneSofa	沙岩沙发	Sandstone Sofa
4314	SandstoneTable	沙岩桌	Sandstone Table
4315	SandstoneWorkbench	沙岩工作台	Sandstone Work Bench
4316	SandstoneToilet	沙岩马桶	Sandstone Toilet
4317	BloodHamaxe	血锤斧	Haemorrhaxe
4318	VoidMonolith	虚空天塔柱	Void Monolith
4319	ArrowSign	箭头标牌	Arrow Sign
4320	PaintedArrowSign	彩色箭头标牌	Painted Arrow Sign
4321	GameMasterShirt	大师级玩家夹克	Master Gamer's Jacket
4322	GameMasterPants	大师级玩家裤	Master Gamer's Pants
4323	StarPrincessCrown	星星公主王冠	Star Princess Crown
4324	StarPrincessDress	星星公主裙	Star Princess Dress
4325	BloodFishingRod	鱼饵投掷者	Chum Caster
4326	FoodPlatter	盘子	Plate
4327	BlackDragonflyJar	黑蜻蜓罐	Black Dragonfly Jar
4328	BlueDragonflyJar	蓝蜻蜓罐	Blue Dragonfly Jar
4329	GreenDragonflyJar	绿蜻蜓罐	Green Dragonfly Jar
4330	OrangeDragonflyJar	橙蜻蜓罐	Orange Dragonfly Jar
4331	RedDragonflyJar	红蜻蜓罐	Red Dragonfly Jar
4332	YellowDragonflyJar	黄蜻蜓罐	Yellow Dragonfly Jar
4333	GoldDragonflyJar	金蜻蜓罐	Gold Dragonfly Jar
4334	BlackDragonfly	黑蜻蜓	Black Dragonfly
4335	BlueDragonfly	蓝蜻蜓	Blue Dragonfly
4336	GreenDragonfly	绿蜻蜓	Green Dragonfly
4337	OrangeDragonfly	橙蜻蜓	Orange Dragonfly
4338	RedDragonfly	红蜻蜓	Red Dragonfly
4339	YellowDragonfly	黄蜻蜓	Yellow Dragonfly
4340	GoldDragonfly	金蜻蜓	Gold Dragonfly
4341	PortableStool	梯凳	Step Stool
4342	DragonflyStatue	蜻蜓雕像	Dragonfly Statue
4343	PaperAirplaneA	纸飞机	Paper Airplane
4344	PaperAirplaneB	白纸飞机	White Paper Airplane
4345	CanOfWorms	蠕虫罐头	Can Of Worms
4346	EncumberingStone	负重石	Encumbering Stone
4347	ZapinatorGray	灰冲击枪	Gray Zapinator
4348	ZapinatorOrange	橙冲击枪	Orange Zapinator
4349	GreenMoss	绿苔藓	Green Moss
4350	BrownMoss	棕苔藓	Brown Moss
4351	RedMoss	红苔藓	Red Moss
4352	BlueMoss	蓝苔藓	Blue Moss
4353	PurpleMoss	紫苔藓	Purple Moss
4354	LavaMoss	熔岩苔藓	Lava Moss
4355	BoulderStatue	巨石雕像	Boulder Statue
4356	MusicBoxTitleAlt	八音盒（旅程开始）	Music Box (Journey's Beginning)
4357	MusicBoxStorm	八音盒（暴风雨）	Music Box (Storm)
4358	MusicBoxGraveyard	八音盒（墓地）	Music Box (Graveyard)
4359	Seagull	海鸥	Seagull
4360	SeagullStatue	海鸥雕像	Seagull Statue
4361	LadyBug	瓢虫	Ladybug
4362	GoldLadyBug	金瓢虫	Gold Ladybug
4363	Maggot	蝇蛆	Maggot
4364	MaggotCage	蝇蛆笼	Maggot Cage
4365	CelestialWand	天界魔棒	Celestial Wand
4366	EucaluptusSap	桉树汁	Eucalyptus Sap
4367	KiteBlue	蓝风筝	Blue Kite
4368	KiteBlueAndYellow	蓝黄风筝	Blue and Yellow Kite
4369	KiteRed	红风筝	Red Kite
4370	KiteRedAndYellow	红黄风筝	Red and Yellow Kite
4371	KiteYellow	黄风筝	Yellow Kite
4372	IvyGuitar	常春藤	Ivy
4373	Pupfish	鳉鱼	Pupfish
4374	Grebe	䴙䴘	Grebe
4375	Rat	大鼠	Rat
4376	RatCage	大鼠笼	Rat Cage
4377	KryptonMoss	氪苔藓	Krypton Moss
4378	XenonMoss	氙苔藓	Xenon Moss
4379	KiteWyvern	飞龙风筝	Wyvern Kite
4380	LadybugCage	瓢虫笼	Ladybug Cage
4381	BloodRainBow	血雨弓	Blood Rain Bow
4382	CombatBook	先进战斗技术	Advanced Combat Techniques
4383	DesertTorch	沙漠火把	Desert Torch
4384	CoralTorch	珊瑚火把	Coral Torch
4385	CorruptTorch	腐化火把	Corrupt Torch
4386	CrimsonTorch	猩红火把	Crimson Torch
4387	HallowedTorch	神圣火把	Hallowed Torch
4388	JungleTorch	丛林火把	Jungle Torch
4389	ArgonMoss	氩苔藓	Argon Moss
4390	RollingCactus	仙人球	Rolling Cactus
4391	ThinIce	薄冰	Thin Ice
4392	EchoBlock	回声块	Echo Block
4393	ScarabFish	甲虫鱼	Scarab Fish
4394	ScorpioFish	蝎子鱼	Scorpio Fish
4395	Owl	猫头鹰	Owl
4396	OwlCage	猫头鹰笼	Owl Cage
4397	OwlStatue	猫头鹰雕像	Owl Statue
4398	PupfishBowl	鳉鱼缸	Pupfish Bowl
4399	GoldLadybugCage	金瓢虫笼	Gold Ladybug Cage
4400	Geode	晶洞	Geode
4401	Flounder	偏口鱼	Flounder
4402	RockLobster	岩石龙虾	Rock Lobster
4403	LobsterTail	龙虾尾	Lobster Tail
4404	FloatingTube	浮游圈	Inner Tube
4405	FrozenCrate	冰冻匣	Frozen Crate
4406	FrozenCrateHard	针叶木匣	Boreal Crate
4407	OasisCrate	绿洲匣	Oasis Crate
4408	OasisCrateHard	幻象匣	Mirage Crate
4409	SpectreGoggles	幽灵护目镜	Spectre Goggles
4410	Oyster	牡蛎	Oyster
4411	ShuckedOyster	去壳牡蛎	Shucked Oyster
4412	WhitePearl	白珍珠	White Pearl
4413	BlackPearl	黑珍珠	Black Pearl
4414	PinkPearl	粉珍珠	Pink Pearl
4415	StoneDoor	石门	Stone Door
4416	StonePlatform	石平台	Stone Platform
4417	OasisFountain	绿洲喷泉	Oasis Water Fountain
4418	WaterStrider	水黾	Water Strider
4419	GoldWaterStrider	金水黾	Gold Water Strider
4420	LawnFlamingo	草坪火烈鸟	Lawn Flamingo
4421	MusicBoxUndergroundJungle	八音盒（地下丛林）	Music Box (Underground Jungle)
4422	Grate	格栅	Grate
4423	ScarabBomb	甲虫炸弹	Scarab Bomb
4424	WroughtIronFence	铁艺栅栏	Wrought Iron Fence
4425	SharkBait	鲨鱼鱼饵	Shark Bait
4426	BeeMinecart	蜜蜂矿车	Bee Minecart
4427	LadybugMinecart	瓢虫矿车	Ladybug Minecart
4428	PigronMinecart	猪龙矿车	Pigron Minecart
4429	SunflowerMinecart	向日葵矿车	Sunflower Minecart
4430	PottedForestCedar	盆栽森林雪松	Potted Forest Cedar
4431	PottedJungleCedar	盆栽丛林雪松	Potted Jungle Cedar
4432	PottedHallowCedar	盆栽神圣雪松	Potted Hallow Cedar
4433	PottedForestTree	盆栽森林树	Potted Forest Tree
4434	PottedJungleTree	盆栽丛林树	Potted Jungle Tree
4435	PottedHallowTree	盆栽神圣树	Potted Hallow Tree
4436	PottedForestPalm	盆栽森林棕榈	Potted Forest Palm
4437	PottedJunglePalm	盆栽丛林棕榈	Potted Jungle Palm
4438	PottedHallowPalm	盆栽神圣棕榈	Potted Hallow Palm
4439	PottedForestBamboo	盆栽森林竹	Potted Forest Bamboo
4440	PottedJungleBamboo	盆栽丛林竹	Potted Jungle Bamboo
4441	PottedHallowBamboo	盆栽神圣竹	Potted Hallow Bamboo
4442	ScarabFishingRod	甲虫钓竿	Scarab Fishing Rod
4443	HellMinecart	恶魔地狱矿车	Demonic Hellcart
4444	WitchBroom	女巫扫帚	Witch's Broom
4445	ClusterRocketI	集束火箭一型	Cluster Rocket I
4446	ClusterRocketII	集束火箭二型	Cluster Rocket II
4447	WetRocket	湿火箭	Wet Rocket
4448	LavaRocket	熔岩火箭	Lava Rocket
4449	HoneyRocket	蜂蜜火箭	Honey Rocket
4450	ShroomMinecart	蘑菇矿车	Shroom Minecart
4451	AmethystMinecart	紫晶矿车	Amethyst Minecart
4452	TopazMinecart	黄玉矿车	Topaz Minecart
4453	SapphireMinecart	蓝玉矿车	Sapphire Minecart
4454	EmeraldMinecart	翡翠矿车	Emerald Minecart
4455	RubyMinecart	红玉矿车	Ruby Minecart
4456	DiamondMinecart	钻石矿车	Diamond Minecart
4457	MiniNukeI	迷你核弹一型	Mini Nuke I
4458	MiniNukeII	迷你核弹二型	Mini Nuke II
4459	DryRocket	干火箭	Dry Rocket
4460	SandcastleBucket	沙堡桶	Sandcastle Bucket
4461	TurtleCage	龟笼	Turtle Cage
4462	TurtleJungleCage	丛林龟笼	Jungle Turtle Cage
4463	Gladius	罗马短剑	Gladius
4464	Turtle	龟	Turtle
4465	TurtleJungle	丛林龟	Jungle Turtle
4466	TurtleStatue	龟雕像	Turtle Statue
4467	AmberMinecart	琥珀矿车	Amber Minecart
4468	BeetleMinecart	甲虫矿车	Beetle Minecart
4469	MeowmereMinecart	彩虹猫矿车	Meowmere Minecart
4470	PartyMinecart	派对矿车	Party Wagon
4471	PirateMinecart	荷兰人矿车	The Dutchman
4472	SteampunkMinecart	蒸汽朋克矿车	Steampunk Minecart
4473	GrebeCage	䴙䴘笼	Grebe Cage
4474	SeagullCage	海鸥笼	Seagull Cage
4475	WaterStriderCage	水黾笼	Water Strider Cage
4476	GoldWaterStriderCage	金水黾笼	Gold Water Strider Cage
4477	LuckPotionLesser	弱效幸运药水	Lesser Luck Potion
4478	LuckPotion	幸运药水	Luck Potion
4479	LuckPotionGreater	强效幸运药水	Greater Luck Potion
4480	Seahorse	海马	Seahorse
4481	SeahorseCage	海马笼	Seahorse Cage
4482	GoldSeahorse	金海马	Gold Seahorse
4483	GoldSeahorseCage	金海马笼	Gold Seahorse Cage
4484	TimerOneHalfSecond	1/2秒计时器	1/2 Second Timer
4485	TimerOneFourthSecond	1/4秒计时器	1/4 Second Timer
4486	EbonstoneEcho	黑檀石墙	Ebonstone Wall
4487	MudWallEcho	泥墙	Mud Wall
4488	PearlstoneEcho	珍珠石墙	Pearlstone Wall
4489	SnowWallEcho	雪墙	Snow Wall
4490	AmethystEcho	紫晶石墙	Amethyst Stone Wall
4491	TopazEcho	黄玉石墙	Topaz Stone Wall
4492	SapphireEcho	蓝玉石墙	Sapphire Stone Wall
4493	EmeraldEcho	翡翠石墙	Emerald Stone Wall
4494	RubyEcho	红玉石墙	Ruby Stone Wall
4495	DiamondEcho	钻石石墙	Diamond Stone Wall
4496	Cave1Echo	绿苔藓墙	Green Mossy Wall
4497	Cave2Echo	棕苔藓墙	Brown Mossy Wall
4498	Cave3Echo	红苔藓墙	Red Mossy Wall
4499	Cave4Echo	蓝苔藓墙	Blue Mossy Wall
4500	Cave5Echo	紫苔藓墙	Purple Mossy Wall
4501	Cave6Echo	岩石土墙	Rocky Dirt Wall
4502	Cave7Echo	古老石墙	Old Stone Wall
4503	SpiderEcho	蜘蛛墙	Spider Wall
4504	CorruptGrassEcho	腐化草墙	Corrupt Grass Wall
4505	HallowedGrassEcho	神圣草墙	Hallowed Grass Wall
4506	IceEcho	冰雪墙	Ice Wall
4507	ObsidianBackEcho	黑曜石墙	Obsidian Wall
4508	CrimsonGrassEcho	猩红草墙	Crimson Grass Wall
4509	CrimstoneEcho	猩红石墙	Crimstone Wall
4510	CaveWall1Echo	洞穴土墙	Cave Dirt Wall
4511	CaveWall2Echo	粗糙土墙	Rough Dirt Wall
4512	Cave8Echo	崎岖石墙	Craggy Stone Wall
4513	Corruption1Echo	腐化赘生墙	Corrupt Growth Wall
4514	Corruption2Echo	腐化团块墙	Corrupt Mass Wall
4515	Corruption3Echo	腐化脓疱墙	Corrupt Pustule Wall
4516	Corruption4Echo	腐化卷须墙	Corrupt Tendril Wall
4517	Crimson1Echo	猩红硬皮墙	Crimson Crust Wall
4518	Crimson2Echo	猩红疮痂墙	Crimson Scab Wall
4519	Crimson3Echo	猩红尖牙墙	Crimson Teeth Wall
4520	Crimson4Echo	猩红水疱墙	Crimson Blister Wall
4521	Dirt1Echo	分层土墙	Layered Dirt Wall
4522	Dirt2Echo	剥落土墙	Crumbling Dirt Wall
4523	Dirt3Echo	破裂土墙	Cracked Dirt Wall
4524	Dirt4Echo	皱曲土墙	Wavy Dirt Wall
4525	Hallow1Echo	神圣棱柱墙	Hallowed Prism Wall
4526	Hallow2Echo	神圣洞穴墙	Hallowed Cavern Wall
4527	Hallow3Echo	神圣碎块墙	Hallowed Shard Wall
4528	Hallow4Echo	神圣结晶墙	Hallowed Crystalline Wall
4529	Jungle1Echo	地衣石墙	Lichen Stone Wall
4530	Jungle2Echo	多叶丛林墙	Leafy Jungle Wall
4531	Jungle3Echo	常春藤石墙	Ivy Stone Wall
4532	Jungle4Echo	丛林藤蔓墙	Jungle Vine Wall
4533	Lava1Echo	余烬墙	Ember Wall
4534	Lava2Echo	灰渣墙	Cinder Wall
4535	Lava3Echo	岩浆墙	Magma Wall
4536	Lava4Echo	阴燃石墙	Smouldering Stone Wall
4537	Rocks1Echo	破旧石墙	Worn Stone Wall
4538	Rocks2Echo	钟乳石墙	Stalactite Stone Wall
4539	Rocks3Echo	斑驳石墙	Mottled Stone Wall
4540	Rocks4Echo	断裂石墙	Fractured Stone Wall
4541	TheBrideBanner	僵尸新娘旗	The Bride Banner
4542	ZombieMermanBanner	僵尸人鱼旗	Zombie Merman Banner
4543	EyeballFlyingFishBanner	游荡眼球怪鱼旗	Wandering Eye Fish Banner
4544	BloodSquidBanner	血乌贼旗	Blood Squid Banner
4545	BloodEelBanner	血鳗鱼旗	Blood Eel Banner
4546	GoblinSharkBanner	血浆哥布林鲨鱼旗	Hemogoblin Shark Banner
4547	LargeBambooBlock	大竹子	Large Bamboo
4548	LargeBambooBlockWall	大竹墙	Large Bamboo Wall
4549	DemonHorns	恶魔角	Demon Horns
4550	BambooLeaf	竹叶	Bamboo Leaf
4551	HellCake	地狱蛋糕块	Slice of Hell Cake
4552	FogMachine	造雾机	Fog Machine
4553	PlasmaLamp	等离子灯	Plasma Lamp
4554	MarbleColumn	大理石柱	Marble Column
4555	ChefHat	厨师帽	Chef Hat
4556	ChefShirt	厨师服	Chef Uniform
4557	ChefPants	厨师裤	Chef Pants
4558	StarHairpin	星星发夹	Star Hairpin
4559	HeartHairpin	心形发夹	Heart Hairpin
4560	BunnyEars	兔兔耳朵	Bunny Ears
4561	DevilHorns	魔鬼角	Devil Horns
4562	Fedora	软呢帽	Fedora
4563	UnicornHornHat	假独角兽角	Fake Unicorn Horn
4564	BambooBlock	竹子	Bamboo
4565	BambooBlockWall	竹墙	Bamboo Wall
4566	BambooBathtub	竹浴缸	Bamboo Bathtub
4567	BambooBed	竹床	Bamboo Bed
4568	BambooBookcase	竹书架	Bamboo Bookcase
4569	BambooDresser	竹梳妆台	Bamboo Dresser
4570	BambooCandelabra	竹烛台	Bamboo Candelabra
4571	BambooCandle	竹蜡烛	Bamboo Candle
4572	BambooChair	竹椅	Bamboo Chair
4573	BambooChandelier	竹吊灯	Bamboo Chandelier
4574	BambooChest	竹箱	Bamboo Chest
4575	BambooClock	竹时钟	Bamboo Clock
4576	BambooDoor	竹门	Bamboo Door
4577	BambooLamp	竹灯	Bamboo Lamp
4578	BambooLantern	竹灯笼	Bamboo Lantern
4579	BambooPiano	竹钢琴	Bamboo Piano
4580	BambooPlatform	竹平台	Bamboo Platform
4581	BambooSink	竹水槽	Bamboo Sink
4582	BambooSofa	竹沙发	Bamboo Sofa
4583	BambooTable	竹桌	Bamboo Table
4584	BambooWorkbench	竹工作台	Bamboo Work Bench
4585	Fake_BambooChest	机关竹箱	Trapped Bamboo Chest
4586	BambooToilet	竹马桶	Bamboo Toilet
4587	GolfClubStoneIron	破旧高尔夫球杆（铁杆）	Worn Golf Club (Iron)
4588	GolfClubRustyPutter	破旧高尔夫球杆（推杆）	Worn Golf Club (Putter)
4589	GolfClubBronzeWedge	破旧高尔夫球杆（挖起杆）	Worn Golf Club (Wedge)
4590	GolfClubWoodDriver	破旧高尔夫球杆（木杆）	Worn Golf Club (Driver)
4591	GolfClubMythrilIron	精致高尔夫球杆（铁杆）	Fancy Golf Club (Iron)
4592	GolfClubLeadPutter	精致高尔夫球杆（推杆）	Fancy Golf Club (Putter)
4593	GolfClubGoldWedge	精致高尔夫球杆（挖起杆）	Fancy Golf Club (Wedge)
4594	GolfClubPearlwoodDriver	精致高尔夫球杆（木杆）	Fancy Golf Club (Driver)
4595	GolfClubTitaniumIron	高级高尔夫球杆（铁杆）	Premium Golf Club (Iron)
4596	GolfClubShroomitePutter	高级高尔夫球杆（推杆）	Premium Golf Club (Putter)
4597	GolfClubDiamondWedge	高级高尔夫球杆（挖起杆）	Premium Golf Club (Wedge)
4598	GolfClubChlorophyteDriver	高级高尔夫球杆（木杆）	Premium Golf Club (Driver)
4599	GolfTrophyBronze	高尔夫铜奖杯	Bronze Golf Trophy
4600	GolfTrophySilver	高尔夫银奖杯	Silver Golf Trophy
4601	GolfTrophyGold	高尔夫金奖杯	Gold Golf Trophy
4602	BloodNautilusBanner	恐惧鹦鹉螺旗	Dreadnautilus Banner
4603	BirdieRattle	小鸟拨浪鼓	Birdie Rattle
4604	ExoticEasternChewToy	奇异咀嚼玩具	Exotic Chew Toy
4605	BedazzledNectar	眩晕花蜜	Bedazzled Nectar
4606	MusicBoxJungleNight	八音盒（丛林夜晚）	Music Box (Jungle Night)
4607	StormTigerStaff	沙漠虎杖	Desert Tiger Staff
4608	ChumBucket	鱼饵桶	Chum Bucket
4609	GardenGnome	花园侏儒	Garden Gnome
4610	KiteBoneSerpent	骨蛇风筝	Bone Serpent Kite
4611	KiteWorldFeeder	吞世怪风筝	World Feeder Kite
4612	KiteBunny	兔兔风筝	Bunny Kite
4613	KitePigron	猪龙风筝	Pigron Kite
4614	AppleJuice	苹果汁	Apple Juice
4615	GrapeJuice	葡萄汁	Grape Juice
4616	Lemonade	柠檬水	Lemonade
4617	BananaDaiquiri	冰冻香蕉代基里	Frozen Banana Daiquiri
4618	PeachSangria	桃子果酒	Peach Sangria
4619	PinaColada	椰林飘香	Piña Colada
4620	TropicalSmoothie	热带奶昔	Tropical Smoothie
4621	BloodyMoscato	血腥麝香葡萄	Bloody Moscato
4622	SmoothieofDarkness	暗黑奶昔	Smoothie of Darkness
4623	PrismaticPunch	七彩潘趣酒	Prismatic Punch
4624	FruitJuice	果汁	Fruit Juice
4625	FruitSalad	水果沙拉	Fruit Salad
4626	AndrewSphinx	Andrew狮身人面像	Andrew Sphinx
4627	WatchfulAntlion	警惕的蚁狮	Watchful Antlion
4628	BurningSpirit	燃烧幽魂	Burning Spirit
4629	JawsOfDeath	鬼门关	Jaws of Death
4630	TheSandsOfSlime	史莱姆之沙	The Sands of Slime
4631	SnakesIHateSnakes	蛇，我讨厌蛇	Snakes, I Hate Snakes
4632	LifeAboveTheSand	沙上的生活	Life Above the Sand
4633	Oasis	绿洲	Oasis
4634	PrehistoryPreserved	史前留存	Prehistory Preserved
4635	AncientTablet	远古碑牌	Ancient Tablet
4636	Uluru	乌鲁鲁巨岩	Uluru
4637	VisitingThePyramids	参观金字塔	Visiting the Pyramids
4638	BandageBoy	绷带男孩	Bandage Boy
4639	DivineEye	神眼	Divine Eye
4640	AmethystStoneBlock	紫晶石块	Amethyst Stone Block
4641	TopazStoneBlock	黄玉石块	Topaz Stone Block
4642	SapphireStoneBlock	蓝玉石块	Sapphire Stone Block
4643	EmeraldStoneBlock	翡翠石块	Emerald Stone Block
4644	RubyStoneBlock	红玉石块	Ruby Stone Block
4645	DiamondStoneBlock	钻石石块	Diamond Stone Block
4646	AmberStoneBlock	琥珀石块	Amber Stone Block
4647	AmberStoneWallEcho	琥珀石墙	Amber Stone Wall
4648	KiteManEater	食人怪风筝	Man Eater Kite
4649	KiteJellyfishBlue	蓝水母风筝	Blue Jellyfish Kite
4650	KiteJellyfishPink	粉水母风筝	Pink Jellyfish Kite
4651	KiteShark	鲨鱼风筝	Shark Kite
4652	SuperHeroMask	超级英雄面具	Superhero Mask
4653	SuperHeroCostume	超级英雄服装	Superhero Costume
4654	SuperHeroTights	超级英雄紧身裤	Superhero Tights
4655	PinkFairyJar	粉仙灵罐	Pink Fairy Jar
4656	GreenFairyJar	绿仙灵罐	Green Fairy Jar
4657	BlueFairyJar	蓝仙灵罐	Blue Fairy Jar
4658	GolfPainting1	起伏的果岭	The Rolling Greens
4659	GolfPainting2	静物球习作	Study of a Ball at Rest
4660	GolfPainting3	球来了！	Fore!
4661	GolfPainting4	映像的二重性	The Duplicity of Reflections
4662	FogboundDye	灰雾染料	Fogbound Dye
4663	BloodbathDye	大屠杀染料	Bloodbath Dye
4664	PrettyPinkDressSkirt	漂亮粉连衣裙	Pretty Pink Dress
4665	PrettyPinkDressPants	漂亮粉长袜	Pretty Pink Stockings
4666	PrettyPinkRibbon	漂亮粉丝带	Pretty Pink Ribbon
4667	BambooFence	竹栅栏	Bamboo Fence
4668	GlowPaint	夜明涂料	Illuminant Coating
4669	KiteSandShark	沙鲨风筝	Sand Shark Kite
4670	KiteBunnyCorrupt	腐化兔兔风筝	Corrupt Bunny Kite
4671	KiteBunnyCrimson	毒兔兔风筝	Vicious Bunny Kite
4672	BlandWhip	皮鞭	Leather Whip
4673	DrumStick	鼓槌	Drumstick
4674	KiteGoldfish	金鱼风筝	Goldfish Kite
4675	KiteAngryTrapper	愤怒捕手风筝	Angry Trapper Kite
4676	KiteKoi	锦鲤风筝	Koi Kite
4677	KiteCrawltipede	千足蜈蚣风筝	Crawltipede Kite
4678	SwordWhip	迪朗达尔	Durendal
4679	MaceWhip	晨星	Morning Star
4680	ScytheWhip	暗黑收割	Dark Harvest
4681	KiteSpectrum	光谱风筝	Spectrum Kite
4682	ReleaseDoves	放飞鸽子	Release Doves
4683	KiteWanderingEye	游荡眼球怪风筝	Wandering Eye Kite
4684	KiteUnicorn	独角兽风筝	Unicorn Kite
4685	UndertakerHat	掘墓者帽	Gravedigger Hat
4686	UndertakerCoat	掘墓者外套	Gravedigger Coat
4687	DandelionBanner	愤怒蒲公英旗	Angry Dandelion Banner
4688	GnomeBanner	侏儒旗	Gnome Banner
4689	DesertCampfire	沙漠篝火	Desert Campfire
4690	CoralCampfire	珊瑚篝火	Coral Campfire
4691	CorruptCampfire	腐化篝火	Corrupt Campfire
4692	CrimsonCampfire	猩红篝火	Crimson Campfire
4693	HallowedCampfire	神圣篝火	Hallowed Campfire
4694	JungleCampfire	丛林篝火	Jungle Campfire
4695	SoulBottleLight	光明之魂瓶	Soul of Light in a Bottle
4696	SoulBottleNight	暗影之魂瓶	Soul of Night in a Bottle
4697	SoulBottleFlight	飞翔之魂瓶	Soul of Flight in a Bottle
4698	SoulBottleSight	视域之魂瓶	Soul of Sight in a Bottle
4699	SoulBottleMight	力量之魂瓶	Soul of Might in a Bottle
4700	SoulBottleFright	恐惧之魂瓶	Soul of Fright in a Bottle
4701	MudBud	泥芽	Mud Bud
4702	ReleaseLantern	放飞灯笼	Release Lantern
4703	QuadBarrelShotgun	四管霰弹枪	Quad-Barrel Shotgun
4704	FuneralHat	葬礼帽	Funeral Hat
4705	FuneralCoat	葬礼外套	Funeral Coat
4706	FuneralPants	葬礼裤	Funeral Pants
4707	TragicUmbrella	悲剧雨伞	Tragic Umbrella
4708	VictorianGothHat	维多利亚哥特帽	Victorian Goth Hat
4709	VictorianGothDress	维多利亚哥特裙	Victorian Goth Dress
4710	TatteredWoodSign	破旧木标牌	Tattered Wood Sign
4711	GravediggerShovel	掘墓者铲子	Gravedigger's Shovel
4712	DungeonDesertChest	沙漠箱	Desert Chest
4713	Fake_DungeonDesertChest	机关沙漠箱	Trapped Desert Chest
4714	DungeonDesertKey	沙漠钥匙	Desert Key
4715	SparkleGuitar	星星吉他	Stellar Tune
4716	MolluskWhistle	贝壳哨	Mollusk Whistle
4717	BorealBeam	针叶木梁	Boreal Beam
4718	RichMahoganyBeam	红木梁	Rich Mahogany Beam
4719	GraniteColumn	花岗岩柱	Granite Column
4720	SandstoneColumn	沙岩柱	Sandstone Column
4721	MushroomBeam	蘑菇梁	Mushroom Beam
4722	FirstFractal	FirstFractal	FirstFractal
4723	Nevermore	永不复焉	Nevermore
4724	Reborn	重生	Reborn
4725	Graveyard	墓地	Graveyard
4726	GhostManifestation	鬼魂显现	Ghost Manifestation
4727	WickedUndead	邪恶亡灵	Wicked Undead
4728	BloodyGoblet	血腥酒杯	Bloody Goblet
4729	StillLife	静物	Still Life
4730	GhostarsWings	Ghostar的无极翼	Ghostar's Infinity Eight
4731	TerraToilet	泰拉马桶	Terra Toilet
4732	GhostarSkullPin	Ghostar的魂罐	Ghostar's Soul Jar
4733	GhostarShirt	Ghostar的上衣	Ghostar's Garb
4734	GhostarPants	Ghostar的紧身裤	Ghostar's Tights
4735	BallOfFuseWire	保险丝球	Ball O' Fuse Wire
4736	FullMoonSqueakyToy	满月尖叫玩具	Full Moon Squeaky Toy
4737	OrnateShadowKey	华丽暗影钥匙	Ornate Shadow Key
4738	DrManFlyMask	苍蝇人博士面具	Dr. Man Fly Mask
4739	DrManFlyLabCoat	苍蝇人博士实验服	Dr. Man Fly's Lab Coat
4740	ButcherMask	屠夫面具	Butcher Mask
4741	ButcherApron	屠夫的染血围裙	Butcher's Bloodstained Apron
4742	ButcherPants	屠夫的染血裤	Butcher's Bloodstained Pants
4743	Football	橄榄球	Football
4744	HunterCloak	猎人斗篷	Hunter Cloak
4745	CoffinMinecart	棺材矿车	Coffin Minecart
4746	SafemanWings	Safeman的毛毯斗篷	Safeman's Blanket Cape
4747	SafemanSunHair	Safeman的晴天	Safeman's Sunny Day
4748	SafemanSunDress	Safeman的太阳裙	Safeman's Sun Dress
4749	SafemanDressLeggings	Safeman的粉色护腿	Safeman's Pink Leggings
4750	FoodBarbarianWings	FoodBarbarian的褴褛龙之翼	FoodBarbarian's Tattered Dragon Wings
4751	FoodBarbarianHelm	FoodBarbarian的角盔	FoodBarbarian's Horned Helm
4752	FoodBarbarianArmor	FoodBarbarian的野狼护肩	FoodBarbarian's Wild Wolf Spaulders
4753	FoodBarbarianGreaves	FoodBarbarian的野猪护胫	FoodBarbarian's Savage Greaves
4754	GroxTheGreatWings	Grox The Great的翅膀	Grox The Great's Wings
4755	GroxTheGreatHelm	Grox The Great的有角风帽	Grox The Great's Horned Cowl
4756	GroxTheGreatArmor	Grox The Great的护胸	Grox The Great's Chestplate
4757	GroxTheGreatGreaves	Grox The Great的护胫	Grox The Great's Greaves
4758	Smolstar	刃杖	Blade Staff
4759	SquirrelHook	松鼠钩	Squirrel Hook
4760	BouncingShield	中士联盾	Sergeant United Shield
4761	RockGolemHead	岩石巨人头	Rock Golem Head
4762	CritterShampoo	小动物香波	Critter Shampoo
4763	DiggingMoleMinecart	挖掘鼹鼠矿车	Digging Molecart
4764	Shroomerang	蘑菇回旋镖	Shroomerang
4765	TreeGlobe	树球	Tree Globe
4766	WorldGlobe	世界球	World Globe
4767	DontHurtCrittersBook	小动物友谊指南	Guide to Critter Companionship
4768	DogEars	狗耳朵	Dog Ears
4769	DogTail	狗尾巴	Dog Tail
4770	FoxEars	狐狸耳朵	Fox Ears
4771	FoxTail	狐狸尾巴	Fox Tail
4772	LizardEars	蜥蜴耳朵	Lizard Ears
4773	LizardTail	蜥蜴尾巴	Lizard Tail
4774	PandaEars	熊猫耳朵	Panda Ears
4775	BunnyTail	兔兔尾巴	Bunny Tail
4776	FairyGlowstick	仙灵荧光棒	Fairy Glowstick
4777	LightningCarrot	闪电胡萝卜	Lightning Carrot
4778	HallowBossDye	七彩染料	Prismatic Dye
4779	MushroomHat	蘑菇帽	Mushroom Hat
4780	MushroomVest	蘑菇背心	Mushroom Vest
4781	MushroomPants	蘑菇裤	Mushroom Pants
4782	FairyQueenBossBag	宝藏袋（光之女皇）	Treasure Bag (Empress of Light)
4783	FairyQueenTrophy	光之女皇纪念章	Empress of Light Trophy
4784	FairyQueenMask	光之女皇面具	Empress of Light Mask
4785	PaintedHorseSaddle	蒙尘牛皮鞍	Dusty Rawhide Saddle
4786	MajesticHorseSaddle	皇家鎏金鞍	Royal Gilded Saddle
4787	DarkHorseSaddle	黑铆钉鞍	Black Studded Saddle
4788	JoustingLance	骑枪	Jousting Lance
4789	ShadowJoustingLance	暗影骑枪	Shadow Jousting Lance
4790	HallowJoustingLance	神圣骑枪	Hallowed Jousting Lance
4791	PogoStick	蹦蹦跷	Pogo Stick
4792	PirateShipMountItem	黑斑	The Black Spot
4793	SpookyWoodMountItem	魔法树枝	Hexxed Branch
4794	SantankMountItem	玩具坦克	Toy Tank
4795	WallOfFleshGoatMountItem	山羊骷髅头	Goat Skull
4796	DarkMageBookMountItem	暗黑魔法师巨著	Dark Mage's Tome
4797	KingSlimePetItem	皇家美味	Royal Delight
4798	EyeOfCthulhuPetItem	可疑咧嘴眼球	Suspicious Grinning Eye
4799	EaterOfWorldsPetItem	蠕动残骸	Writhing Remains
4800	BrainOfCthulhuPetItem	罐中脑	Brain in a Jar
4801	SkeletronPetItem	疯狂骷髅头	Possessed Skull
4802	QueenBeePetItem	闪耀蜂蜜	Sparkling Honey
4803	DestroyerPetItem	失效探测器	Deactivated Probe
4804	TwinsPetItem	微型双子魔眼	Pair of Eyeballs
4805	SkeletronPrimePetItem	机器人骷髅头	Robotic Skull
4806	PlanteraPetItem	世纪之花幼苗	Plantera Seedling
4807	GolemPetItem	石巨人守卫	Guardian Golem
4808	DukeFishronPetItem	海猪肉	Pork of the Sea
4809	LunaticCultistPetItem	碑牌碎片	Tablet Fragment
4810	MoonLordPetItem	月亮乌贼	Piece of Moon Squid
4811	FairyQueenPetItem	光之珠宝	Jewel of Light
4812	PumpkingPetItem	南瓜香薰蜡烛	Pumpkin Scented Candle
4813	EverscreamPetItem	灌木星星	Shrub Star
4814	IceQueenPetItem	冰冻王冠	Frozen Crown
4815	MartianPetItem	宇宙滑板	Cosmic Skateboard
4816	DD2OgrePetItem	食人魔棍棒	Ogre's Club
4817	DD2BetsyPetItem	双足翼龙蛋	Betsy's Egg
4818	CombatWrench	战斗扳手	Combat Wrench
4819	DemonConch	恶魔海螺	Demon Conch
4820	BottomlessLavaBucket	无底熔岩桶	Bottomless Lava Bucket
4821	FireproofBugNet	防熔岩虫网	Lavaproof Bug Net
4822	FlameWakerBoots	烈焰靴	Flame Waker Boots
4823	RainbowWings	女皇之翼	Empress Wings
4824	WetBomb	湿炸弹	Wet Bomb
4825	LavaBomb	熔岩炸弹	Lava Bomb
4826	HoneyBomb	蜂蜜炸弹	Honey Bomb
4827	DryBomb	干炸弹	Dry Bomb
4828	SuperheatedBlood	过热的血	Superheated Blood
4829	LicenseCat	猫咪许可证	Cat License
4830	LicenseDog	狗狗许可证	Dog License
4831	GemSquirrelAmethyst	紫晶松鼠	Amethyst Squirrel
4832	GemSquirrelTopaz	黄玉松鼠	Topaz Squirrel
4833	GemSquirrelSapphire	蓝玉松鼠	Sapphire Squirrel
4834	GemSquirrelEmerald	翡翠松鼠	Emerald Squirrel
4835	GemSquirrelRuby	红玉松鼠	Ruby Squirrel
4836	GemSquirrelDiamond	钻石松鼠	Diamond Squirrel
4837	GemSquirrelAmber	琥珀松鼠	Amber Squirrel
4838	GemBunnyAmethyst	紫晶兔兔	Amethyst Bunny
4839	GemBunnyTopaz	黄玉兔兔	Topaz Bunny
4840	GemBunnySapphire	蓝玉兔兔	Sapphire Bunny
4841	GemBunnyEmerald	翡翠兔兔	Emerald Bunny
4842	GemBunnyRuby	红玉兔兔	Ruby Bunny
4843	GemBunnyDiamond	钻石兔兔	Diamond Bunny
4844	GemBunnyAmber	琥珀兔兔	Amber Bunny
4845	HellButterfly	地狱蝴蝶	Hell Butterfly
4846	HellButterflyJar	地狱蝴蝶罐	Hell Butterfly Jar
4847	Lavafly	熔岩萤火虫	Lavafly
4848	LavaflyinaBottle	熔岩萤火虫瓶	Lavafly in a Bottle
4849	MagmaSnail	岩浆蜗牛	Magma Snail
4850	MagmaSnailCage	岩浆蜗牛笼	Magma Snail Cage
4851	GemTreeTopazSeed	黄玉宝石果	Topaz Gemcorn
4852	GemTreeAmethystSeed	紫晶宝石果	Amethyst Gemcorn
4853	GemTreeSapphireSeed	蓝玉宝石果	Sapphire Gemcorn
4854	GemTreeEmeraldSeed	翡翠宝石果	Emerald Gemcorn
4855	GemTreeRubySeed	红玉宝石果	Ruby Gemcorn
4856	GemTreeDiamondSeed	钻石宝石果	Diamond Gemcorn
4857	GemTreeAmberSeed	琥珀宝石果	Amber Gemcorn
4858	PotSuspended	吊挂盆	Hanging Pot
4859	PotSuspendedDaybloom	吊挂太阳花	Hanging Daybloom
4860	PotSuspendedMoonglow	吊挂月光草	Hanging Moonglow
4861	PotSuspendedWaterleaf	吊挂水叶草	Hanging Waterleaf
4862	PotSuspendedShiverthorn	吊挂寒颤棘	Hanging Shiverthorn
4863	PotSuspendedBlinkroot	吊挂闪耀根	Hanging Blinkroot
4864	PotSuspendedDeathweedCorrupt	吊挂腐化死亡草	Hanging Corrupt Deathweed
4865	PotSuspendedDeathweedCrimson	吊挂猩红死亡草	Hanging Crimson Deathweed
4866	PotSuspendedFireblossom	吊挂火焰花	Hanging Fireblossom
4867	BrazierSuspended	吊挂火盆	Hanging Brazier
4868	VolcanoSmall	小火山	Mini Volcano
4869	VolcanoLarge	大火山	Large Volcano
4870	PotionOfReturn	返回药水	Potion of Return
4871	VanityTreeSakuraSeed	樱花树苗	Sakura Sapling
4872	LavaAbsorbantSponge	熔岩吸收绵	Lava Absorbant Sponge
4873	HallowedHood	神圣兜帽	Hallowed Hood
4874	HellfireTreads	狱炎战靴	Hellfire Treads
4875	TeleportationPylonJungle	丛林晶塔	Jungle Pylon
4876	TeleportationPylonPurity	森林晶塔	Forest Pylon
4877	LavaCrate	黑曜石匣	Obsidian Crate
4878	LavaCrateHard	狱石匣	Hellstone Crate
4879	ObsidianLockbox	黑曜石锁盒	Obsidian Lock Box
4880	LavaFishbowl	熔岩蛇缸	Lava Serpent Bowl
4881	LavaFishingHook	防熔岩钓钩	Lavaproof Fishing Hook
4882	AmethystBunnyCage	紫晶兔兔笼	Amethyst Bunny Cage
4883	TopazBunnyCage	黄玉兔兔笼	Topaz Bunny Cage
4884	SapphireBunnyCage	蓝玉兔兔笼	Sapphire Bunny Cage
4885	EmeraldBunnyCage	翡翠兔兔笼	Emerald Bunny Cage
4886	RubyBunnyCage	红玉兔兔笼	Ruby Bunny Cage
4887	DiamondBunnyCage	钻石兔兔笼	Diamond Bunny Cage
4888	AmberBunnyCage	琥珀兔兔笼	Amber Bunny Cage
4889	AmethystSquirrelCage	紫晶松鼠笼	Amethyst Squirrel Cage
4890	TopazSquirrelCage	黄玉松鼠笼	Topaz Squirrel Cage
4891	SapphireSquirrelCage	蓝玉松鼠笼	Sapphire Squirrel Cage
4892	EmeraldSquirrelCage	翡翠松鼠笼	Emerald Squirrel Cage
4893	RubySquirrelCage	红玉松鼠笼	Ruby Squirrel Cage
4894	DiamondSquirrelCage	钻石松鼠笼	Diamond Squirrel Cage
4895	AmberSquirrelCage	琥珀松鼠笼	Amber Squirrel Cage
4896	AncientHallowedMask	远古神圣面具	Ancient Hallowed Mask
4897	AncientHallowedHelmet	远古神圣头盔	Ancient Hallowed Helmet
4898	AncientHallowedHeadgear	远古神圣头饰	Ancient Hallowed Headgear
4899	AncientHallowedHood	远古神圣兜帽	Ancient Hallowed Hood
4900	AncientHallowedPlateMail	远古神圣板甲	Ancient Hallowed Plate Mail
4901	AncientHallowedGreaves	远古神圣护胫	Ancient Hallowed Greaves
4902	PottedLavaPlantPalm	盆栽岩浆棕榈	Potted Magma Palm
4903	PottedLavaPlantBush	盆栽硫磺灌木	Potted Brimstone Bush
4904	PottedLavaPlantBramble	盆栽火荆棘	Potted Fire Brambles
4905	PottedLavaPlantBulb	盆栽熔岩球茎	Potted Lava Bulb
4906	PottedLavaPlantTendrils	盆栽余烬卷须	Potted Ember Tendrils
4907	VanityTreeYellowWillowSeed	黄柳树苗	Yellow Willow Sapling
4908	DirtBomb	土炸弹	Dirt Bomb
4909	DirtStickyBomb	粘性土炸弹	Sticky Dirt Bomb
4910	LicenseBunny	兔兔许可证	Bunny License
4911	CoolWhip	冷鞭	Cool Whip
4912	FireWhip	鞭炮	Firecracker
4913	ThornWhip	荆鞭	Snapthorn
4914	RainbowWhip	万花筒	Kaleidoscope
4915	TungstenBullet	钨子弹	Tungsten Bullet
4916	TeleportationPylonHallow	神圣晶塔	Hallow Pylon
4917	TeleportationPylonUnderground	洞穴晶塔	Cavern Pylon
4918	TeleportationPylonOcean	海洋晶塔	Ocean Pylon
4919	TeleportationPylonDesert	沙漠晶塔	Desert Pylon
4920	TeleportationPylonSnow	雪原晶塔	Snow Pylon
4921	TeleportationPylonMushroom	蘑菇晶塔	Mushroom Pylon
4922	CavernFountain	洞穴喷泉	Cavern Water Fountain
4923	PiercingStarlight	星光	Starlight
4924	EyeofCthulhuMasterTrophy	克苏鲁之眼圣物	Eye of Cthulhu Relic
4925	EaterofWorldsMasterTrophy	世界吞噬怪圣物	Eater of Worlds Relic
4926	BrainofCthulhuMasterTrophy	克苏鲁之脑圣物	Brain of Cthulhu Relic
4927	SkeletronMasterTrophy	骷髅王圣物	Skeletron Relic
4928	QueenBeeMasterTrophy	蜂王圣物	Queen Bee Relic
4929	KingSlimeMasterTrophy	史莱姆王圣物	King Slime Relic
4930	WallofFleshMasterTrophy	血肉墙圣物	Wall of Flesh Relic
4931	TwinsMasterTrophy	双子魔眼圣物	Twins Relic
4932	DestroyerMasterTrophy	毁灭者圣物	Destroyer Relic
4933	SkeletronPrimeMasterTrophy	机械骷髅王圣物	Skeletron Prime Relic
4934	PlanteraMasterTrophy	世纪之花圣物	Plantera Relic
4935	GolemMasterTrophy	石巨人圣物	Golem Relic
4936	DukeFishronMasterTrophy	猪龙鱼公爵圣物	Duke Fishron Relic
4937	LunaticCultistMasterTrophy	拜月教邪教徒圣物	Lunatic Cultist Relic
4938	MoonLordMasterTrophy	月亮领主圣物	Moon Lord Relic
4939	UFOMasterTrophy	火星飞碟圣物	Martian Saucer Relic
4940	FlyingDutchmanMasterTrophy	荷兰飞盗船圣物	Flying Dutchman Relic
4941	MourningWoodMasterTrophy	哀木圣物	Mourning Wood Relic
4942	PumpkingMasterTrophy	南瓜王圣物	Pumpking Relic
4943	IceQueenMasterTrophy	冰雪女王圣物	Ice Queen Relic
4944	EverscreamMasterTrophy	常绿尖叫怪圣物	Everscream Relic
4945	SantankMasterTrophy	圣诞坦克圣物	Santa-NK1 Relic
4946	DarkMageMasterTrophy	暗黑魔法师圣物	Dark Mage Relic
4947	OgreMasterTrophy	食人魔圣物	Ogre Relic
4948	BetsyMasterTrophy	双足翼龙圣物	Betsy Relic
4949	FairyQueenMasterTrophy	光之女皇圣物	Empress of Light Relic
4950	QueenSlimeMasterTrophy	史莱姆皇后圣物	Queen Slime Relic
4951	TeleportationPylonVictory	万能晶塔	Universal Pylon
4952	FairyQueenMagicItem	夜光	Nightglow
4953	FairyQueenRangedItem	日暮	Eventide
4954	LongRainbowTrailWings	天界星盘	Celestial Starboard
4955	RabbitOrder	兔子头盔	Rabbit Perch
4956	Zenith	天顶剑	Zenith
4957	QueenSlimeBossBag	宝藏袋（史莱姆皇后）	Treasure Bag (Queen Slime)
4958	QueenSlimeTrophy	史莱姆皇后纪念章	Queen Slime Trophy
4959	QueenSlimeMask	史莱姆皇后面具	Queen Slime Mask
4960	QueenSlimePetItem	王室美食	Regal Delicacy
4961	EmpressButterfly	七彩草蛉	Prismatic Lacewing
4962	AccentSlab	石材板	Stone Accent Slab
4963	TruffleWormCage	松露虫笼	Truffle Worm Cage
4964	EmpressButterflyJar	七彩草蛉罐	Prismatic Lacewing Jar
4965	RockGolemBanner	岩石巨人旗	Rock Golem Banner
4966	BloodMummyBanner	血木乃伊旗	Blood Mummy Banner
4967	SporeSkeletonBanner	孢子骷髅旗	Spore Skeleton Banner
4968	SporeBatBanner	孢子蝙蝠旗	Spore Bat Banner
4969	LarvaeAntlionBanner	蚁狮幼虫旗	Antlion Larva Banner
4970	CrimsonBunnyBanner	毒兔兔旗	Vicious Bunny Banner
4971	CrimsonGoldfishBanner	毒金鱼旗	Vicious Goldfish Banner
4972	CrimsonPenguinBanner	毒企鹅旗	Vicious Penguin Banner
4973	BigMimicCorruptionBanner	腐化宝箱怪旗	Corrupt Mimic Banner
4974	BigMimicCrimsonBanner	猩红宝箱怪旗	Crimson Mimic Banner
4975	BigMimicHallowBanner	神圣宝箱怪旗	Hallowed Mimic Banner
4976	MossHornetBanner	苔藓黄蜂旗	Moss Hornet Banner
4977	WanderingEyeBanner	游荡眼球怪旗	Wandering Eye Banner
4978	CreativeWings	雏翼	Fledgling Wings
4979	MusicBoxQueenSlime	八音盒（史莱姆皇后）	Music Box (Queen Slime)
4980	QueenSlimeHook	失谐钩爪	Hook of Dissonance
4981	QueenSlimeMountSaddle	明胶女式鞍	Gelatinous Pillion
4982	CrystalNinjaHelmet	水晶刺客兜帽	Crystal Assassin Hood
4983	CrystalNinjaChestplate	水晶刺客上衣	Crystal Assassin Shirt
4984	CrystalNinjaLeggings	水晶刺客裤	Crystal Assassin Pants
4985	MusicBoxEmpressOfLight	八音盒（光之女皇）	Music Box (Empress Of Light)
4986	GelBalloon	闪耀史莱姆气球	Sparkle Slime Balloon
4987	VolatileGelatin	挥发明胶	Volatile Gelatin
4988	QueenSlimeCrystal	明胶水晶	Gelatin Crystal
4989	EmpressFlightBooster	翱翔徽章	Soaring Insignia
4990	MusicBoxDukeFishron	八音盒（猪龙鱼公爵）	Music Box (Duke Fishron)
4991	MusicBoxMorningRain	八音盒（晨雨）	Music Box (Morning Rain)
4992	MusicBoxConsoleTitle	八音盒（标题备选曲）	Music Box (Alt Title)
4993	ChippysCouch	Chippy的沙发	Chippy's Couch
4994	GraduationCapBlue	蓝毕业帽	Blue Graduation Cap
4995	GraduationCapMaroon	褐红毕业帽	Maroon Graduation Cap
4996	GraduationCapBlack	黑毕业帽	Black Graduation Cap
4997	GraduationGownBlue	蓝毕业礼服	Blue Graduation Gown
4998	GraduationGownMaroon	褐红毕业礼服	Maroon Graduation Gown
4999	GraduationGownBlack	黑毕业礼服	Black Graduation Gown
5000	TerrasparkBoots	泰拉闪耀靴	Terraspark Boots
5001	MoonLordLegs	月亮领主腿	Moon Lord Legs
5002	OceanCrate	海洋匣	Ocean Crate
5003	OceanCrateHard	海边匣	Seaside Crate
5004	BadgersHat	Badger的帽子	Badger's Hat
5005	EmpressBlade	泰拉棱镜	Terraprisma
5006	MusicBoxUndergroundDesert	八音盒（地下沙漠）	Music Box (Underground Desert)
5007	DeadMansSweater	死人毛衣	Dead Man's Sweater
5008	TeaKettle	茶壶	Teapot
5009	Teacup	一杯茶	Teacup
5010	TreasureMagnet	宝藏磁石	Treasure Magnet
5011	Mace	链锤	Mace
5012	FlamingMace	烈焰链锤	Flaming Mace
5013	SleepingIcon	SleepingIcon	SleepingIcon
5014	MusicBoxOWRain	异界八音盒（雨）	Otherworldly Music Box (Rain)
5015	MusicBoxOWDay	异界八音盒（地表世界）	Otherworldly Music Box (Overworld Day)
5016	MusicBoxOWNight	异界八音盒（夜晚）	Otherworldly Music Box (Night)
5017	MusicBoxOWUnderground	异界八音盒（地下）	Otherworldly Music Box (Underground)
5018	MusicBoxOWDesert	异界八音盒（沙漠）	Otherworldly Music Box (Desert)
5019	MusicBoxOWOcean	异界八音盒（海洋）	Otherworldly Music Box (Ocean)
5020	MusicBoxOWMushroom	异界八音盒（蘑菇）	Otherworldly Music Box (Mushrooms)
5021	MusicBoxOWDungeon	异界八音盒（地牢）	Otherworldly Music Box (Dungeon)
5022	MusicBoxOWSpace	异界八音盒（太空）	Otherworldly Music Box (Space)
5023	MusicBoxOWUnderworld	异界八音盒（地狱）	Otherworldly Music Box (Underworld)
5024	MusicBoxOWSnow	异界八音盒（雪原）	Otherworldly Music Box (Snow)
5025	MusicBoxOWCorruption	异界八音盒（腐化之地）	Otherworldly Music Box (Corruption)
5026	MusicBoxOWUndergroundCorruption	异界八音盒（地下腐化之地）	Otherworldly Music Box (Underground Corruption)
5027	MusicBoxOWCrimson	异界八音盒（猩红之地）	Otherworldly Music Box (Crimson)
5028	MusicBoxOWUndergroundCrimson	异界八音盒（地下猩红之地）	Otherworldly Music Box (Underground Crimson)
5029	MusicBoxOWUndergroundSnow	异界八音盒（冰雪）	Otherworldly Music Box (Ice)
5030	MusicBoxOWUndergroundHallow	异界八音盒（地下神圣之地）	Otherworldly Music Box (Underground Hallow)
5031	MusicBoxOWBloodMoon	异界八音盒（恐惧）	Otherworldly Music Box (Eerie)
5032	MusicBoxOWBoss2	异界八音盒（Boss 2）	Otherworldly Music Box (Boss 2)
5033	MusicBoxOWBoss1	异界八音盒（Boss 1）	Otherworldly Music Box (Boss 1)
5034	MusicBoxOWInvasion	异界八音盒（入侵）	Otherworldly Music Box (Invasion)
5035	MusicBoxOWTowers	异界八音盒（天界柱）	Otherworldly Music Box (The Towers)
5036	MusicBoxOWMoonLord	异界八音盒（月亮Boss）	Otherworldly Music Box (Lunar Boss)
5037	MusicBoxOWPlantera	异界八音盒（世纪之花）	Otherworldly Music Box (Plantera)
5038	MusicBoxOWJungle	异界八音盒（丛林）	Otherworldly Music Box (Jungle)
5039	MusicBoxOWWallOfFlesh	异界八音盒（血肉墙）	Otherworldly Music Box (Wall of Flesh)
5040	MusicBoxOWHallow	异界八音盒（神圣之地）	Otherworldly Music Box (Hallow)
5041	MilkCarton	盒装牛奶	Carton of Milk
5042	CoffeeCup	咖啡	Coffee
5043	TorchGodsFavor	火把神的恩宠	Torch God's Favor
5044	MusicBoxCredits	八音盒（旅程结束）	Music Box (Journey's End)
5045	PlaguebringerHelmet	瘟疫使者骷髅头	Plaguebringer's Skull
5046	PlaguebringerChestplate	瘟疫使者斗篷	Plaguebringer's Cloak
5047	PlaguebringerGreaves	瘟疫使者便鞋	Plaguebringer's Treads
5048	RoninHat	浪人阵笠	Wandering Jingasa
5049	RoninShirt	浪人浴衣	Wandering Yukata
5050	RoninPants	浪人木屐	Wandering Geta
5051	TimelessTravelerHood	永恒旅人兜帽	Timeless Traveler's Hood
5052	TimelessTravelerRobe	永恒旅人斗篷	Timeless Traveler's Cloak
5053	TimelessTravelerBottom	永恒旅人鞋履	Timeless Traveler's Footwear
5054	FloretProtectorHelmet	护花者头盔	Floret Protector Helmet
5055	FloretProtectorChestplate	护花者衬衫	Floret Protector Shirt
5056	FloretProtectorLegs	护花者裤子	Floret Protector Pants
5057	CapricornMask	摩羯座头盔	Capricorn Helmet
5058	CapricornChestplate	摩羯座护胸	Capricorn Chestplate
5059	CapricornLegs	摩羯座兽蹄	Capricorn Hooves
5060	CapricornTail	摩羯座尾巴	Capricorn Tail
5061	TVHeadMask	视频脸	Video Visage
5062	TVHeadSuit	激光外套	Lazer Blazer
5063	TVHeadPants	细条纹裤	Pinstripe Pants
5064	LavaproofTackleBag	防熔岩渔具袋	Lavaproof Tackle Bag
5065	PrincessWeapon	共鸣权杖	Resonance Scepter
5066	BeeHive	蜂巢	Bee Hive
5067	AntlionEggs	蚁狮卵	Antlion Eggs
5068	FlinxFurCoat	小雪怪皮毛外套	Flinx Fur Coat
5069	FlinxStaff	小雪怪法杖	Flinx Staff
5070	FlinxFur	小雪怪皮毛	Flinx Fur
5071	RoyalTiara	皇家头冠	Royal Tiara
5072	RoyalDressTop	皇家女衫	Royal Blouse
5073	RoyalDressBottom	皇家礼服裙	Royal Dress
5074	BoneWhip	脊柱骨鞭	Spinal Tap
5075	RainbowCursor	彩虹光标	Rainbow Cursor
5076	RoyalScepter	皇家权杖	Royal Scepter
5077	GlassSlipper	水晶鞋	Glass Slipper
5078	PrinceUniform	王子制服	Prince Uniform
5079	PrincePants	王子裤	Prince Pants
5080	PrinceCape	王子披风	Prince Cape
5081	PottedCrystalPlantFern	盆栽水晶蕨	Potted Crystal Fern
5082	PottedCrystalPlantSpiral	盆栽水晶螺旋	Potted Crystal Spiral
5083	PottedCrystalPlantTeardrop	盆栽水晶泪滴	Potted Crystal Teardrop
5084	PottedCrystalPlantTree	盆栽水晶树	Potted Crystal Tree
5085	Princess64	公主64	Princess 64
5086	PaintingOfALass	少女画像	Painting of a Lass
5087	DarkSideHallow	神圣之地的黑暗面	Dark Side of the Hallow
5088	BerniePetItem	伯尼的钮扣	Bernie's Button
5089	GlommerPetItem	咕噜咪的花	Glommer's Flower
5090	DeerclopsPetItem	独眼巨鹿眼球	Deerclops Eyeball
5091	PigPetItem	怪物肉	Monster Meat
5092	MonsterLasagna	怪物千层面	Monster Lasagna
5093	FroggleBunwich	蛙腿三明治	Froggle Bunwich
5094	TentacleSpike	触手钉锤	Tentacle Spike
5095	LucyTheAxe	露西斧	Lucy the Axe
5096	HamBat	火腿棍	Ham Bat
5097	BatBat	蝙蝠棍	Bat Bat
5098	ChesterPetItem	眼骨	Eye Bone
5099	GarlandHat	花环	Garland
5100	BoneHelm	骸骨头盔	Bone Helm
5101	Eyebrella	眼球伞	Eyebrella
5102	WilsonShirt	绅士马甲	Gentleman's Vest
5103	WilsonPants	绅士裤子	Gentleman's Trousers
5104	WilsonBeardShort	绅士胡子	Gentleman's Beard
5105	WilsonBeardLong	绅士长胡子	Gentleman's Long Beard
5106	WilsonBeardMagnificent	绅士大胡子	Gentleman's Magnificent Beard
5107	Magiluminescence	魔光护符	Magiluminescence
5108	DeerclopsTrophy	独眼巨鹿纪念章	Deerclops Trophy
5109	DeerclopsMask	独眼巨鹿面具	Deerclops Mask
5110	DeerclopsMasterTrophy	独眼巨鹿圣物	Deerclops Relic
5111	DeerclopsBossBag	宝藏袋（独眼巨鹿）	Treasure Bag (Deerclops)
5112	MusicBoxDeerclops	八音盒（独眼巨鹿）	Music Box (Deerclops)
5113	DontStarveShaderItem	收音机	Radio Thing
5114	AbigailsFlower	阿比盖尔的花	Abigail's Flower
5115	WillowShirt	纵火者毛衣	Firestarter's Sweater
5116	WillowSkirt	纵火者裙	Firestarter's Skirt
5117	PewMaticHorn	气喇叭	Pew-matic Horn
5118	WeatherPain	天候棒	Weather Pain
5119	HoundiusShootius	眼球激光塔	Houndius Shootius
5120	DeerThing	鹿华	Deer Thing
5121	PaintingWilson	绅士科学家	The Gentleman Scientist
5122	PaintingWillow	纵火者	The Firestarter
5123	PaintingWendy	丧亲者	The Bereaved
5124	PaintingWolfgang	大力士	The Strongman
5125	FartMinecart	放屁车	Fart Kart
5126	HandOfCreation	创造之手	Hand Of Creation
5127	VioletMoss	氖苔藓	Neon Moss
5128	RainbowMoss	氦苔藓	Helium Moss
5129	Flymeal	臭虫剑	Flymeal
5130	WolfMountItem	Lilith的项链	Lilith's Necklace
5131	ResplendentDessert	华美甜点	Resplendent Dessert
5132	Stinkbug	臭虫	Stinkbug
5133	StinkbugCage	臭虫笼	Stinkbug Cage
5134	Clentaminator2	泰拉改造枪	Terraformer
5135	VenomDartTrap	毒液飞镖机关	Venom Dart Trap
5136	VulkelfEar	瓦尔克精灵耳朵	Vulkelf Ears
5137	StinkbugHousingBlocker	臭虫拦截器	Stinkbug Blocker
5138	StinkbugHousingBlockerEcho	幽灵臭虫拦截器	Ghostly Stinkbug Blocker
5139	FishingBobber	钓鱼浮标	Fishing Bobber
5140	FishingBobberGlowingStar	发光钓鱼浮标	Glowing Fishing Bobber
5141	FishingBobberGlowingLava	熔岩苔藓钓鱼浮标	Lava Moss Fishing Bobber
5142	FishingBobberGlowingKrypton	氪苔藓钓鱼浮标	Krypton Moss Fishing Bobber
5143	FishingBobberGlowingXenon	氙苔藓钓鱼浮标	Xenon Moss Fishing Bobber
5144	FishingBobberGlowingArgon	氩苔藓钓鱼浮标	Argon Moss Fishing Bobber
5145	FishingBobberGlowingViolet	氖苔藓钓鱼浮标	Neon Moss Fishing Bobber
5146	FishingBobberGlowingRainbow	氦苔藓钓鱼浮标	Helium Moss Fishing Bobber
5147	WandofFrosting	结霜魔棒	Wand of Frosting
5148	CoralBathtub	珊瑚礁浴缸	Reef Bathtub
5149	CoralBed	珊瑚礁床	Reef Bed
5150	CoralBookcase	珊瑚礁书架	Reef Bookcase
5151	CoralDresser	珊瑚礁梳妆台	Reef Dresser
5152	CoralCandelabra	珊瑚礁烛台	Reef Candelabra
5153	CoralCandle	珊瑚礁蜡烛	Reef Candle
5154	CoralChair	珊瑚礁椅	Reef Chair
5155	CoralChandelier	珊瑚礁吊灯	Reef Chandelier
5156	CoralChest	珊瑚礁箱	Reef Chest
5157	CoralClock	珊瑚礁时钟	Reef Clock
5158	CoralDoor	珊瑚礁门	Reef Door
5159	CoralLamp	珊瑚礁灯	Reef Lamp
5160	CoralLantern	珊瑚礁灯笼	Reef Lantern
5161	CoralPiano	珊瑚礁钢琴	Reef Piano
5162	CoralPlatform	珊瑚礁平台	Reef Platform
5163	CoralSink	珊瑚礁水槽	Reef Sink
5164	CoralSofa	珊瑚礁沙发	Reef Sofa
5165	CoralTable	珊瑚礁桌	Reef Table
5166	CoralWorkbench	珊瑚礁工作台	Reef Work Bench
5167	Fake_CoralChest	机关珊瑚礁箱	Trapped Reef Chest
5168	CoralToilet	珊瑚礁马桶	Reef Toilet
5169	BalloonBathtub	气球浴缸	Balloon Bathtub
5170	BalloonBed	气球床	Balloon Bed
5171	BalloonBookcase	气球书架	Balloon Bookcase
5172	BalloonDresser	气球梳妆台	Balloon Dresser
5173	BalloonCandelabra	气球烛台	Balloon Candelabra
5174	BalloonCandle	气球蜡烛	Balloon Candle
5175	BalloonChair	气球椅	Balloon Chair
5176	BalloonChandelier	气球吊灯	Balloon Chandelier
5177	BalloonChest	气球箱	Balloon Chest
5178	BalloonClock	气球时钟	Balloon Clock
5179	BalloonDoor	气球门	Balloon Door
5180	BalloonLamp	气球灯	Balloon Lamp
5181	BalloonLantern	气球灯笼	Balloon Lantern
5182	BalloonPiano	气球钢琴	Balloon Piano
5183	BalloonPlatform	气球平台	Balloon Platform
5184	BalloonSink	气球水槽	Balloon Sink
5185	BalloonSofa	气球沙发	Balloon Sofa
5186	BalloonTable	气球桌	Balloon Table
5187	BalloonWorkbench	气球工作台	Balloon Work Bench
5188	Fake_BalloonChest	机关气球箱	Trapped Balloon Chest
5189	BalloonToilet	气球马桶	Balloon Toilet
5190	AshWoodBathtub	灰烬木浴缸	Ash Wood Bathtub
5191	AshWoodBed	灰烬木床	Ash Wood Bed
5192	AshWoodBookcase	灰烬木书架	Ash Wood Bookcase
5193	AshWoodDresser	灰烬木梳妆台	Ash Wood Dresser
5194	AshWoodCandelabra	灰烬木烛台	Ash Wood Candelabra
5195	AshWoodCandle	灰烬木蜡烛	Ash Wood Candle
5196	AshWoodChair	灰烬木椅	Ash Wood Chair
5197	AshWoodChandelier	灰烬木吊灯	Ash Wood Chandelier
5198	AshWoodChest	灰烬木箱	Ash Wood Chest
5199	AshWoodClock	灰烬木时钟	Ash Wood Clock
5200	AshWoodDoor	灰烬木门	Ash Wood Door
5201	AshWoodLamp	灰烬木灯	Ash Wood Lamp
5202	AshWoodLantern	灰烬木灯笼	Ash Wood Lantern
5203	AshWoodPiano	灰烬木钢琴	Ash Wood Piano
5204	AshWoodPlatform	灰烬木平台	Ash Wood Platform
5205	AshWoodSink	灰烬木水槽	Ash Wood Sink
5206	AshWoodSofa	灰烬木沙发	Ash Wood Sofa
5207	AshWoodTable	灰烬木桌	Ash Wood Table
5208	AshWoodWorkbench	灰烬木工作台	Ash Wood Work Bench
5209	Fake_AshWoodChest	机关灰烬木箱	Trapped Ash Wood Chest
5210	AshWoodToilet	灰烬木马桶	Ash Wood Toilet
5211	BiomeSightPotion	生物群系视觉药水	Biome Sight Potion
5212	ScarletMacaw	绯红金刚鹦鹉	Scarlet Macaw
5213	ScarletMacawCage	绯红金刚鹦鹉笼	Scarlet Macaw Cage
5214	AshGrassSeeds	灰烬草种子	Ash Grass Seeds
5215	AshWood	灰烬木	Ash Wood
5216	AshWoodWall	灰烬木墙	Ash Wood Wall
5217	AshWoodFence	灰烬木栅栏	Ash Wood Fence
5218	Outcast	被驱逐之人	Outcast
5219	FairyGuides	仙灵指引	Fairy Guides
5220	AHorribleNightforAlchemy	恐怖炼药之夜	A Horrible Night for Alchemy
5221	MorningHunt	晨猎	Morning Hunt
5222	SuspiciouslySparkly	可疑闪光	Suspiciously Sparkly
5223	Requiem	安魂	Requiem
5224	CatSword	猫剑	Cat Sword
5225	KargohsSummon	Kargoh的召唤	Kargoh's Summon
5226	HighPitch	高音	High Pitch
5227	AMachineforTerrarians	给泰拉瑞亚人的机器	A Machine for Terrarians
5228	TerraBladeChronicles	泰拉刃纪事	Terra Blade Chronicles
5229	BennyWarhol	本尼·沃霍尔	Benny Warhol
5230	LizardKing	蜥蜴王	Lizard King
5231	MySon	我的儿子	My Son
5232	Duality	二元性	Duality
5233	ParsecPals	秒差距伙伴	Parsec Pals
5234	RemnantsofDevotion	虔诚的余孽	Remnants of Devotion
5235	NotSoLostInParadise	并未如此迷失在乐园	Not So Lost In Paradise
5236	OcularResonance	视觉共振	Ocular Resonance
5237	WingsofEvil	邪恶之翼	Wings of Evil
5238	Constellation	星座	Constellation
5239	Eyezorhead	眼怪头	Eyezorhead
5240	DreadoftheRedSea	红海恐惧	Dread of the Red Sea
5241	DoNotEattheVileMushroom	不要吃魔菇！	Do Not Eat the Vile Mushroom!
5242	YuumaTheBlueTiger	蓝虎Yuuma	Yuuma, The Blue Tiger
5243	MoonmanandCompany	月亮人公司	Moonman & Company
5244	SunshineofIsrapony	Israpony的阳光	Sunshine of Israpony
5245	Purity	纯净	Purity
5246	SufficientlyAdvanced	极其先进	Sufficiently Advanced
5247	StrangeGrowth	奇异植株	Strange Growth
5248	HappyLittleTree	快乐小树	Happy Little Tree
5249	StrangeDeadFellows	奇异死者	Strange Dead Fellows
5250	Secrets	秘密	Secrets
5251	Thunderbolt	雷电	Thunderbolt
5252	Crustography	甲壳摄影	Crustography
5253	TheWerewolf	狼人	The Werewolf
5254	BlessingfromTheHeavens	天堂的祝福	Blessing from the Heavens
5255	LoveisintheTrashSlot	爱在垃圾桶里	Love is in the Trash Slot
5256	Fangs	獠牙	Fangs
5257	HailtotheKing	国王万岁	Hail to the King
5258	SeeTheWorldForWhatItIs	看清世界的真谛	See The World For What It Is
5259	WhatLurksBelow	下面潜伏着什么	What Lurks Below
5260	ThisIsGettingOutOfHand	局面失控	This Is Getting Out Of Hand
5261	Buddies	铁哥们	Buddies
5262	MidnightSun	午夜太阳	Midnight Sun
5263	CouchGag	沙发笑话	Couch Gag
5264	SilentFish	沉默的鱼	Silent Fish
5265	TheDuke	公爵	The Duke
5266	RoyalRomance	皇家浪漫	Royal Romance
5267	Bioluminescence	生物发光	Bioluminescence
5268	Wildflowers	野花	Wildflowers
5269	VikingVoyage	维京之旅	Viking Voyage
5270	Bifrost	彩虹桥	Bifrost
5271	Heartlands	心脏地带	Heartlands
5272	ForestTroll	森林巨魔	Forest Troll
5273	AuroraBorealis	北极光	Aurora Borealis
5274	LadyOfTheLake	湖中女士	Lady Of The Lake
5275	JojaCola	Joja可乐	Joja Cola
5276	JunimoPetItem	星之果实	Stardrop
5277	SpicyPepper	辣椒	Spicy Pepper
5278	Pomegranate	石榴	Pomegranate
5279	AshWoodHelmet	灰烬木头盔	Ash Wood Helmet
5280	AshWoodBreastplate	灰烬木胸甲	Ash Wood Breastplate
5281	AshWoodGreaves	灰烬木护胫	Ash Wood Greaves
5282	AshWoodBow	灰烬木弓	Ash Wood Bow
5283	AshWoodHammer	灰烬木锤	Ash Wood Hammer
5284	AshWoodSword	灰烬木剑	Ash Wood Sword
5285	MoonGlobe	月亮球	Moon Globe
5286	RepairedLifeCrystal	修复的生命水晶	Repaired Life Crystal
5287	RepairedManaCrystal	修复的魔力水晶	Repaired Mana Crystal
5288	TerraFartMinecart	泰拉放屁车	Terra Fart Kart
5289	MinecartPowerup	矿车升级包	Minecart Upgrade Kit
5290	JimsCap	Jim的帽子	Jim's Cap
5291	EchoWall	回声墙	Echo Wall
5292	EchoPlatform	回声平台	Echo Platform
5293	MushroomTorch	蘑菇火把	Mushroom Torch
5294	HiveFive	蜂巢球	Hive-Five
5295	AcornAxe	再生之斧	Axe of Regrowth
5296	ChlorophyteExtractinator	叶绿提炼机	Chlorophyte Extractinator
5297	BlueEgg	蓝鸡蛋	Blue Chicken Egg
5298	Trimarang	三尖回旋镖	Trimarang
5299	MushroomCampfire	蘑菇篝火	Mushroom Campfire
5300	BlueMacaw	蓝金刚鹦鹉	Blue Macaw
5301	BlueMacawCage	蓝金刚鹦鹉笼	Blue Macaw Cage
5302	BottomlessHoneyBucket	无底蜂蜜桶	Bottomless Honey Bucket
5303	HoneyAbsorbantSponge	蜂蜜吸收绵	Honey Absorbant Sponge
5304	UltraAbsorbantSponge	超强吸收绵	Ultra Absorbant Sponge
5305	GoblorcEar	哥布魔耳朵	Goblorc Ears
5306	ReefBlock	珊瑚礁块	Reef Block
5307	ReefWall	珊瑚礁墙	Reef Wall
5308	PlacePainting	r/Terraria	r/Terraria
5309	DontHurtNatureBook	环境保护指南	Guide to Environmental Preservation
5310	PrincessStyle	公主风	Princess Style
5311	Toucan	巨嘴鸟	Toucan
5312	YellowCockatiel	黄玄凤鹦鹉	Yellow Cockatiel
5313	GrayCockatiel	灰玄凤鹦鹉	Gray Cockatiel
5314	ToucanCage	巨嘴鸟笼	Toucan Cage
5315	YellowCockatielCage	黄玄凤鹦鹉笼	Yellow Cockatiel Cage
5316	GrayCockatielCage	灰玄凤鹦鹉笼	Gray Cockatiel Cage
5317	MacawStatue	金刚鹦鹉雕像	Macaw Statue
5318	ToucanStatue	巨嘴鸟雕像	Toucan Statue
5319	CockatielStatue	玄凤鹦鹉雕像	Cockatiel Statue
5320	PlaceableHealingPotion	装饰治疗药水	Decorative Healing Potion
5321	PlaceableManaPotion	装饰魔力药水	Decorative Mana Potion
5322	ShadowCandle	暗影蜡烛	Shadow Candle
5323	DontHurtComboBook	和平共处指南	Guide to Peaceful Coexistence
5324	RubblemakerSmall	堆石器（小）	Rubblemaker (Small)
5325	ClosedVoidBag	闭合的虚空袋	Closed Void Bag
5326	ArtisanLoaf	工匠面包	Artisan Loaf
5327	TNTBarrel	TNT桶	TNT Barrel
5328	ChestLock	宝箱锁	Chest Lock
5329	RubblemakerMedium	堆石器（中）	Rubblemaker (Medium)
5330	RubblemakerLarge	堆石器（大）	Rubblemaker (Large)
5331	HorseshoeBundle	马掌气球束	Bundle of Horseshoe Balloons
5332	SpiffoPlush	毛绒Spiffo	Spiffo Plush
5333	GlowTulip	发光郁金香	Glow Tulip
5334	MechdusaSummon	奥库瑞姆剃刀	Ocram's Razor
5335	RodOfHarmony	和谐传送杖	Rod of Harmony
5336	CombatBookVolumeTwo	先进战斗技术：卷二	Advanced Combat Techniques: Volume Two
5337	AegisCrystal	活力水晶	Vital Crystal
5338	AegisFruit	神盾果	Aegis Fruit
5339	ArcaneCrystal	奥术水晶	Arcane Crystal
5340	GalaxyPearl	星系珍珠	Galaxy Pearl
5341	GummyWorm	黏性蠕虫	Gummy Worm
5342	Ambrosia	仙馔密酒	Ambrosia
5343	PeddlersSatchel	商贩背包	Peddler's Satchel
5344	EchoCoating	回声涂料	Echo Coating
5345	EchoMonolith	回声腔	Echo Chamber
5346	GasTrap	毒气机关	Gas Trap
5347	ShimmerMonolith	以太天塔柱	Aether Monolith
5348	ShimmerArrow	微光箭	Shimmer Arrow
5349	ShimmerBlock	以太块	Aetherium Block
5350	Shimmerfly	飞灵	Faeling
5351	ShimmerflyinaBottle	飞灵瓶	Faeling in a Bottle
5352	ShimmerSlimeBanner	微光史莱姆旗	Shimmer Slime Banner
5353	ShimmerTorch	以太火把	Aether Torch
5354	ReflectiveShades	反光墨镜	Reflective Shades
5355	ShimmerCloak	炫彩斗篷	Chromatic Cloak
5356	UsedGasTrap	用过的毒气机关	Used Gas Trap
5357	ShimmerCampfire	以太篝火	Aether Campfire
5358	Shellphone	贝壳电话（家）	Shellphone (Home)
5359	ShellphoneSpawn	贝壳电话（出生点）	Shellphone (Spawn)
5360	ShellphoneOcean	贝壳电话（海洋）	Shellphone (Ocean)
5361	ShellphoneHell	贝壳电话（地狱）	Shellphone (Underworld)
5362	MusicBoxShimmer	八音盒（以太）	Music Box (Aether)
5363	SpiderWallUnsafe	蜘蛛栖息墙	Infested Spider Wall
5364	BottomlessShimmerBucket	无底微光桶	Bottomless Shimmer Bucket
5365	BlueBrickWallUnsafe	诅咒蓝砖墙	Cursed Blue Brick Wall
5366	BlueSlabWallUnsafe	诅咒蓝板墙	Cursed Blue Slab Wall
5367	BlueTiledWallUnsafe	诅咒蓝瓷砖墙	Cursed Blue Tiled Wall
5368	PinkBrickWallUnsafe	诅咒粉砖墙	Cursed Pink Brick Wall
5369	PinkSlabWallUnsafe	诅咒粉板墙	Cursed Pink Slab Wall
5370	PinkTiledWallUnsafe	诅咒粉瓷砖墙	Cursed Pink Tiled Wall
5371	GreenBrickWallUnsafe	诅咒绿砖墙	Cursed Green Brick Wall
5372	GreenSlabWallUnsafe	诅咒绿板墙	Cursed Green Slab Wall
5373	GreenTiledWallUnsafe	诅咒绿瓷砖墙	Cursed Green Tiled Wall
5374	SandstoneWallUnsafe	危险沙岩墙	Treacherous Sandstone Wall
5375	HardenedSandWallUnsafe	危险硬化沙墙	Treacherous Hardened Sand Wall
5376	LihzahrdWallUnsafe	禁戒丛林蜥蜴砖墙	Forbidden Lihzahrd Brick Wall
5377	SpelunkerFlare	洞穴探险照明弹	Spelunker Flare
5378	CursedFlare	诅咒照明弹	Cursed Flare
5379	RainbowFlare	彩虹照明弹	Rainbow Flare
5380	ShimmerFlare	微光照明弹	Shimmer Flare
5381	Moondial	附魔月晷	Enchanted Moondial
5382	WaffleIron	华夫饼烘烤模	Waffle's Iron
5383	BouncyBoulder	弹力巨石	Bouncy Boulder
5384	LifeCrystalBoulder	生命水晶巨石	Life Crystal Boulder
5385	DizzyHat	Dizzy的稀有壁虎帽	Dizzy's Rare Gecko Chester
5386	LincolnsHoodie	Raynebro的连帽衫	Raynbro's Hoodie
5387	LincolnsPants	Raynebro的裤子	Raynbro's Pants
5388	SunOrnament	太阳之眼	Eye of the Sun
5389	HoplitePizza	奶酪比萨海报	Cheesy Pizza Poster
5390	LincolnsHood	Raynebro的兜帽	Raynbro's Hood
5391	UncumberingStone	非负重石	Uncumbering Stone
5392	SandSolution	黄溶液	Yellow Solution
5393	SnowSolution	白溶液	White Solution
5394	DirtSolution	棕溶液	Brown Solution
5395	PoopBlock	臭臭	Poo
5396	PoopWall	臭臭墙	Poo Wall
5397	ShimmerWall	以太墙	Aetherium Wall
5398	ShimmerBrick	以太砖	Aetherium Brick
5399	ShimmerBrickWall	以太砖墙	Aetherium Brick Wall
5400	DirtiestBlock	最土的块	The Dirtiest Block
5401	LunarRustBrick	月锈砖	Lunar Rust Brick
5402	DarkCelestialBrick	暗黑天界砖	Dark Celestial Brick
5403	AstraBrick	星芒砖	Astra Brick
5404	CosmicEmberBrick	宇宙余烬砖	Cosmic Ember Brick
5405	CryocoreBrick	冷核砖	Cryocore Brick
5406	MercuryBrick	水星砖	Mercury Brick
5407	StarRoyaleBrick	星星皇家砖	Star Royale Brick
5408	HeavenforgeBrick	天熔砖	Heavenforge Brick
5409	LunarRustBrickWall	月锈砖墙	Lunar Rust Brick Wall
5410	DarkCelestialBrickWall	暗黑天界砖墙	Dark Celestial Brick Wall
5411	AstraBrickWall	星芒砖墙	Astra Brick Wall
5412	CosmicEmberBrickWall	宇宙余烬砖墙	Cosmic Ember Brick Wall
5413	CryocoreBrickWall	冷核砖墙	Cryocore Brick Wall
5414	MercuryBrickWall	水星砖墙	Mercury Brick Wall
5415	StarRoyaleBrickWall	星星皇家砖墙	Star Royale Brick Wall
5416	HeavenforgeBrickWall	天熔砖墙	Heavenforge Brick Wall
5417	AncientBlueDungeonBrick	远古蓝砖	Ancient Blue Brick
5418	AncientBlueDungeonBrickWall	远古蓝砖墙	Ancient Blue Brick Wall
5419	AncientGreenDungeonBrick	远古绿砖	Ancient Green Brick
5420	AncientGreenDungeonBrickWall	远古绿砖墙	Ancient Green Brick Wall
5421	AncientPinkDungeonBrick	远古粉砖	Ancient Pink Brick
5422	AncientPinkDungeonBrickWall	远古粉砖墙	Ancient Pink Brick Wall
5423	AncientGoldBrick	远古金砖	Ancient Gold Brick
5424	AncientGoldBrickWall	远古金砖墙	Ancient Gold Brick Wall
5425	AncientSilverBrick	远古银砖	Ancient Silver Brick
5426	AncientSilverBrickWall	远古银砖墙	Ancient Silver Brick Wall
5427	AncientCopperBrick	远古铜砖	Ancient Copper Brick
5428	AncientCopperBrickWall	远古铜砖墙	Ancient Copper Brick Wall
5429	AncientCobaltBrick	远古钴砖	Ancient Cobalt Brick
5430	AncientCobaltBrickWall	远古钴砖墙	Ancient Cobalt Brick Wall
5431	AncientMythrilBrick	远古秘银砖	Ancient Mythril Brick
5432	AncientMythrilBrickWall	远古秘银砖墙	Ancient Mythril Brick Wall
5433	AncientObsidianBrick	远古黑曜石砖	Ancient Obsidian Brick
5434	AncientObsidianBrickWall	远古黑曜石砖墙	Ancient Obsidian Brick Wall
5435	AncientHellstoneBrick	远古狱石砖	Ancient Hellstone Brick
5436	AncientHellstoneBrickWall	远古狱石砖墙	Ancient Hellstone Brick Wall
5437	ShellphoneDummy	贝壳电话	Shellphone
5438	Fertilizer	肥料	Fertilizer
5439	LavaMossBlock	熔岩苔藓砖	Lava Moss Brick
5440	ArgonMossBlock	氩苔藓砖	Argon Moss Brick
5441	KryptonMossBlock	氪苔藓砖	Krypton Moss Brick
5442	XenonMossBlock	氙苔藓砖	Xenon Moss Brick
5443	VioletMossBlock	氖苔藓砖	Neon Moss Brick
5444	RainbowMossBlock	氦苔藓砖	Helium Moss Brick
5445	LavaMossBlockWall	熔岩苔藓砖墙	Lava Moss Brick Wall
5446	ArgonMossBlockWall	氩苔藓砖墙	Argon Moss Brick Wall
5447	KryptonMossBlockWall	氪苔藓砖墙	Krypton Moss Brick Wall
5448	XenonMossBlockWall	氙苔藓砖墙	Xenon Moss Brick Wall
5449	VioletMossBlockWall	氖苔藓砖墙	Neon Moss Brick Wall
5450	RainbowMossBlockWall	氦苔藓砖墙	Helium Moss Brick Wall
5451	JimsDrone	四轴竞速无人机	Kwad Racer Drone
5452	JimsDroneVisor	FPV飞行眼镜	FPV Goggles
5453	DontHurtCrittersBookInactive	小动物友谊指南（停用）	Guide to Critter Companionship (Inactive)
5454	DontHurtNatureBookInactive	环境保护指南（停用）	Guide to Environmental Preservation (Inactive)
5455	DontHurtComboBookInactive	和平共处指南（停用）	Guide to Peaceful Coexistence (Inactive)
5456	DeadCellsMushroomBoiSummonItem	蘑菇法杖	Mushroom Staff
5457	DeadCellsBeheadedHead	枭首者的头部	The Beheaded's Head
5458	DeadCellsBeheadedBody	枭首者的胸甲	The Beheaded's Cuirass
5459	DeadCellsBeheadedLegs	枭首者的长裤	The Beheaded's Trousers
5460	DeadCellsBarrelLauncher	炸药桶发射器	Barrel Launcher
5461	DeadCellsKillingDeck	击杀牌叠	Killing Deck
5462	DeadCellsFlint	燧石	Flint
5463	DeadCellsBarnacleSummonItem	藤壶法杖	Barnacle Staff
5464	MiteyTitey	笋生-石出	Mitey-Titey
5465	DeadCellsRamRune	重锤符文	Ram Rune
5466	DeadCellsSwarmGrenade	虫群手榴弹	Swarm Grenade
5467	DemonAltarReplica	复制恶魔祭坛	Replica Demon Altar
5468	CrimsonAltarReplica	复制猩红祭坛	Replica Crimson Altar
5469	ShadowOrbReplica	复制暗影珠	Replica Shadow Orb
5470	CrimsonHeartReplica	复制猩红之心	Replica Crimson Heart
5471	CobwebReplica	装饰蛛网	Decorative Cobweb
5472	DeadCellsDisplayJar	物品瓶	Item Flask
5473	CobWhip	锥鞭	Cobwhip
5474	CorruptWhip	魂笞	Soulscourge
5475	CrimsonWhip	脉鞭	Vasculash
5476	MeteorWhip	星坠	Starcrash
5477	FlowerWhip	花之粗鄙展示	Vulgar Display of Flower
5478	EelWhip	电鳗	Electric Eel
5479	ConstellationWhip	星座	Constellation
5480	MoonLordWhip	私有物	Possession
5481	PortableKiln	便携式窑	Portable Kiln
5482	DeadCellsPotionStation	炼金瓶	Alchemy Flask
5483	QueenOfBees	蜜蜂女王	Queen of Bees
5484	PlayerVoiceCowbellItem	牛铃	Cow Bell
5485	PlayerVoiceChickenFeetItem	鸡护身符	Chicken Charm
5486	TheSeaOfSilence	寂静之海	The Sea of Silence
5487	HeroesFromAnotherWorld	异域英雄	Heroes From Another World
5488	Crystallize	结晶	Crystallize
5489	EaterOfLife	生命吞噬者	Eater Of Life
5490	ThisIsCanonNow	终成正典	Brasilian Skies
5491	WinterAtVaringskollen	瓦林斯科伦之冬	Winter At Varingskollen
5492	MagicShimmerDropper	魔法微光滴管	Magic Shimmer Dropper
5493	ShimmerFallBlock	微光瀑布块	Shimmerfall Block
5494	ShimmerFallWall	微光瀑布墙	Shimmerfall Wall
5495	ShimmerGun	微光枪	Shimmer Gun
5496	LifeFruitHealingPotion	丛林果汁	Jungle Juice
5497	PinkBanner	粉旗	Pink Banner
5498	WhiteBanner	白旗	White Banner
5499	PlayerVoiceFrogItem	青蛙颈带	Froggy Neckband
5500	PlayerVoiceGoatItem	山羊鬃毛	Goat's Tuft
5501	PlayerVoiceRetroItem	旧同伴挂坠盒	Old Companion Locket
5502	PlayerVoiceCatItem	猫铃	Cat Chime
5503	PlayerVoiceDogItem	狗项圈	Dog Collar
5504	PlayerVoiceTurkeyItem	火鸡垂肉项链	Turkey Wattle Necklace
5505	PlayerVoiceGoblinItem	卑鄙哥布林的尖刺	Mean Goblin's Spikes
5506	PlayerVoiceCrowItem	乌鸦喙	Crow's Beak
5507	PlayerVoiceBalloonItem	气球珠	Balloony Beads
5508	PlayerVoiceUndeadItem	冷酷旧铁刺	Grim Old Barb
5509	PlayerVoiceVampireItem	吸血鬼吊坠	Vampire Pendant
5510	VelociraptorMountItem	砍杀者的神秘骷髅头	Slasher's Mysterious Skull
5511	Pufferfish	河豚	Pufferfish
5512	PufferfishCage	河豚笼	Pufferfish Cage
5513	PufferfishPet	河豚虾	Puffer Shrimp
5514	RainbowBoulder	彩虹巨石	Rainbow Boulder
5515	MoonLordBody	月亮领主上衣	Moon Lord Torso
5516	Poulder	便便巨石	Poo Boulder
5517	AxeFairyPetItem	仙橡果	Faecorn
5518	SuperFertilizer	浸渍肥料	Infused Fertilizer
5519	Axearang	斧头回旋镖	Axearang
5520	LavaBoulder	熔岩巨石	Lava Boulder
5521	SpiderBoulder	蜘蛛巨石	Spider Boulder
5522	Ghoulder	奇石	Ghoulder
5523	BoulderPet	友好巨石	Friendly Boulder
5524	ChlorophyteVisor	叶绿面罩	Chlorophyte Visor
5525	RatMountItem	被诅咒的长笛	Cursed Piper Flute
5526	FlaironFlail	猪鲨链球	Flairon
5527	OfSeaAndDreams	海与梦	Of Sea and Dreams
5528	TheRunicPixie	符文妖精	The Runic Pixie
5529	BannerOfTheBeast	野兽旗帜	Banner of the Beast
5530	StickmanVsTerrTerr	火柴人vs泰泰	Stickman vs Terr Terr
5531	CozyWindow	舒适窗户	Cozy Window
5532	DemonAltar	恶魔祭坛	Demon Altar
5533	CrimsonAltar	猩红祭坛	Crimson Altar
5534	PlayerVoiceFairyItem	仙灵项圈	Fairy Choker
5535	PinkPhaseblade	粉陨石光剑	Pink Phaseblade
5536	PinkPhasesaber	粉晶光刃	Pink Phasesaber
5537	BlackenedFish	焦黑鱼	Blackened Fish
5538	MusicBoxQueenBee	八音盒（蜂后）	Music Box (Queen Bee)
5539	MusicBoxTwins	八音盒（双子魔眼）	Music Box (The Twins)
5540	MagicString	魔法绳	Magic String
5541	MagicYoyoBag	魔法悠悠球袋	Magic Yoyo Bag
5542	FreezeBomb	冻结炸弹	Freeze Bomb
5543	StressBall	解压球	Stress Ball
5544	CloudPlatform	云平台	Cloud Platform
5545	LivingWoodWallUnsafe	杂草丛生的生命木墙	Overgrown Living Wood Wall
5546	DirtWallUnsafe	天然土墙	Natural Dirt Wall
5547	StrungCounterweight	串接平衡锤	Strung Counterweight
5548	AetheriumBathtub	以太晶浴缸	Aetherium Bathtub
5549	AetheriumBed	以太晶床	Aetherium Bed
5550	AetheriumBookcase	以太晶书架	Aetherium Bookcase
5551	AetheriumDresser	以太晶梳妆台	Aetherium Dresser
5552	AetheriumCandelabra	以太晶烛台	Aetherium Candelabra
5553	AetheriumCandle	以太晶蜡烛	Aetherium Candle
5554	AetheriumChair	以太晶椅子	Aetherium Chair
5555	AetheriumChandelier	以太晶吊灯	Aetherium Chandelier
5556	AetheriumChest	以太晶宝箱	Aetherium Chest
5557	AetheriumClock	以太晶时钟	Aetherium Clock
5558	AetheriumDoor	以太晶门	Aetherium Door
5559	AetheriumLamp	以太晶灯	Aetherium Lamp
5560	AetheriumLantern	以太晶灯笼	Aetherium Lantern
5561	AetheriumPiano	以太晶钢琴	Aetherium Piano
5562	AetheriumPlatform	以太晶平台	Aetherium Platform
5563	AetheriumSink	以太晶水槽	Aetherium Sink
5564	AetheriumSofa	以太晶沙发	Aetherium Sofa
5565	AetheriumTable	以太晶桌子	Aetherium Table
5566	AetheriumWorkbench	以太晶工作台	Aetherium Work Bench
5567	Fake_AetheriumChest	受困以太晶宝箱	Trapped Aetherium Chest
5568	AetheriumToilet	以太晶马桶	Aetherium Toilet
5569	LavaCloud	熔岩云	Lava Cloud
5570	StarCloud	星云	Star Cloud
5571	RainbowCloud	彩虹云	Rainbow Cloud
5572	MudBallPlayer	泥球	Mud Ball
5573	TorchGodPotion	火把神勋章	Torch God's Flavor
5574	LuckyClover	幸运三叶草	Lucky Clover
5575	WiltedClover	枯萎三叶草	Wilted Clover
5576	RavenFeather	渡鸦羽毛	Raven Feather
5577	PrettyMirror	漂亮镜子	Pretty Mirror
5578	MusicBoxKingSlime	八音盒（史莱姆王）	Music Box (King Slime)
5579	MusicBoxQueenBeeAlt	八音盒（蜂后备选曲）	Music Box (Alt Queen Bee)
5580	MusicBoxLunaticCultist	八音盒（拜月教邪教徒）	Music Box (Lunatic Cultist)
5581	MusicBoxSkeletronPrime	八音盒（机械骷髅王）	Music Box (Skeletron Prime)
5582	MusicBoxDestroyer	八音盒（毁灭者）	Music Box (The Destroyer)
5583	ChickenBonesHead	鸡骨面罩	Chicken Bones' Visor
5584	ChickenBonesBody	鸡骨背心	Chicken Bones' Vest
5585	ChickenBonesLegs	鸡骨裤装	Chicken Bones' Pants
5586	ChickenBonesWings	鸡骨翅膀	Chicken Bones' Wings
5587	ChickenBonesRobe	鸡骨长袍	Chicken Bones' Robe
5588	UpgradedMiningHead	勘探者头盔	Prospector Helmet
5589	UpgradedMiningBody	勘探者上衣	Prospector Shirt
5590	UpgradedMiningLegs	勘探者裤装	Prospector Pants
5591	UpgradedFishingHead	船长帽	Captain Hat
5592	UpgradedFishingBody	船长背心	Captain Vest
5593	UpgradedFishingLegs	船长裤装	Captain Pants
5594	SuperBomb	力量炸弹	Power Bomb
5595	SuperStickyBomb	粘性力量炸弹	Sticky Power Bomb
5596	WeldingMask	焊接面罩	Welding Mask
5597	BatMountItem	暗夜护符	Amulet of the Night
5598	CRTMonolith	CRT巨石	CRT Monolith
5599	RetroMonolith	复古巨石	Retro Monolith
5600	RollerSkatesBlueMountItem	蓝色溜冰鞋	Blue Roller Skates
5601	FallenStarBathtub	坠落之星浴缸	Fallen Star Bathtub
5602	FallenStarBed	坠落之星床	Fallen Star Bed
5603	FallenStarBookcase	坠落之星书架	Fallen Star Bookcase
5604	FallenStarDresser	坠落之星梳妆台	Fallen Star Dresser
5605	FallenStarCandelabra	坠落之星烛台	Fallen Star Candelabra
5606	FallenStarCandle	坠落之星蜡烛	Fallen Star Candle
5607	FallenStarChair	坠落之星椅子	Fallen Star Chair
5608	FallenStarChandelier	坠落之星吊灯	Fallen Star Chandelier
5609	FallenStarChest	坠落之星宝箱	Fallen Star Chest
5610	FallenStarClock	坠落之星时钟	Fallen Star Clock
5611	FallenStarDoor	坠落之星门	Fallen Star Door
5612	FallenStarLamp	坠落之星灯	Fallen Star Lamp
5613	FallenStarLantern	坠落之星灯笼	Fallen Star Lantern
5614	FallenStarPiano	坠落之星钢琴	Fallen Star Piano
5615	FallenStarPlatform	坠落之星平台	Fallen Star Platform
5616	FallenStarSink	坠落之星水槽	Fallen Star Sink
5617	FallenStarSofa	坠落之星沙发	Fallen Star Sofa
5618	FallenStarTable	坠落之星桌子	Fallen Star Table
5619	FallenStarWorkbench	坠落之星工作台	Fallen Star Work Bench
5620	Fake_FallenStarChest	受困坠落之星宝箱	Trapped Fallen Star Chest
5621	FallenStarToilet	坠落之星马桶	Fallen Star Toilet
5622	FallenStarBlock	坠落之星块	Fallen Star Block
5623	FallenStarWall	坠落之星墙	Fallen Star Wall
5624	ChippysHead	花栗鼠头盔	Chippy's Helmet
5625	ChippysBody	花栗鼠护胸	Chippy's Chestplate
5626	ChippysLegs	花栗鼠护胫	Chippy's Greaves
5627	ChippysWings	花栗鼠斗篷	Chippy's Cloak
5628	ChippysHeadband	花栗鼠头带	Chippy's Headband
5629	AcornSlingshot	橡实弹弓	Acorn Slingshot
5630	PaintingRPlace2023	r/泰拉瑞亚2023	r/Terraria 2023
5631	PaintingBouldChoices	巨石与猛击	Bould and Bash
5632	PaintingDarkForebodings	黑暗预感	Dark Forebodings
5633	PaintingGermanZenith	奥克托伯	Oktober
5634	PaintingItsScragglinTime	邋遢怪来啦	It's Scragglin' Time
5635	PaintingKaguya	辉夜姬	Kaguya
5636	PaintingGermanBeer	恭祝	Prost
5637	MusicBoxEaterOfWorlds	八音盒（世界吞噬怪）	Music Box (Eater of Worlds)
5638	MusicBoxTorchGod	八音盒（火把神）	Music Box (Torch God)
5639	MusicBoxTorchGodAlt	八音盒（火把神备选曲）	Music Box (Alt Torch God)
5640	RollerSkatesGreenMountItem	绿溜冰鞋	Green Roller Skates
5641	RollerSkatesClassicMountItem	经典溜冰鞋	Classic Roller Skates
5642	RollerSkatesPartyMountItem	派对溜冰鞋	Party Roller Skates
5643	RainbowGlowstick	彩虹荧光棒	Rainbow Glowstick
5644	ScryingOrb	占卜球	Scrying Orb
5645	RockCandy	冰糖	Rock Candy
5646	BlueBikiniBody	蓝比基尼上衣	Blue Bikini Top
5647	BlueBikiniLegs	蓝比基尼泳裤	Blue Bikini Bottom
5648	RedSwimsuit	红色泳装	Red Swimsuit
5649	GreenSwimshorts	绿色泳裤	Green Swimshorts
5650	GraySwimshorts	灰色泳裤	Gray Swimshorts
5651	OrcaBanner	虎鲸旗帜	Orca Banner
5652	TeleportationPylonUnderworld	地狱晶塔	Underworld Pylon
5653	TeleportationPylonShimmer	以太晶塔	Aether Pylon
5654	RainbowBoulderPet	友好彩虹巨石	Friendly Rainbow Boulder
5655	NoirMonolith	电影放映机	Film Projector
5656	HeroicisHead	英雄帽子	Heroicis' Hat
5657	HeroicisBody	英雄外套	Heroicis' Coat
5658	HeroicisLegs	英雄裤装	Heroicis' Pants
5659	HeroicisWings	英雄翅膀	Heroicis' Wings
5660	HallowedCrown	神圣王冠	Hallowed Crown
5661	HeroicisWingsInactive	英雄之翼（未激活）	Heroicis' Wings (Inactive)
5662	EnchantedPixieDust	附魔精灵尘	Enchanted Pixie Dust
5663	PalworldMinionCattiva	捣蛋猫	Cattiva
5664	PalworldMinionFoxsparks	火绒狐	Foxparks
5665	PalworldPetChillet	疾旋鼬	Chillet
5666	PalworldPetChilletIgnis	疾旋火鼬	Chillet Ignis
5667	PalworldDigtoise	碎岩龟	Digtoise
5668	SoundGun	聚爆器	The Imploder
5669	TrueCopperShortsword	真铜短剑	True Copper Shortsword
5670	RainbowPhaseblade	彩虹相位剑	Rainbow Phaseblade
5671	RainbowPhasesaber	彩虹相位刃	Rainbow Phasesaber
5672	LibrarianSkeletonBanner	图书管理员骷髅旗帜	Librarian Skeleton Banner
5673	WaterBoltMimicBanner	水矢宝箱怪旗帜	Water Bolt Mimic Banner
5674	TeamBlockRedVariant	暗淡红队块	Dull Red Team Block
5675	TeamBlockGreenVariant	暗淡绿队块	Dull Green Team Block
5676	TeamBlockBlueVariant	暗淡蓝队块	Dull Blue Team Block
5677	TeamBlockYellowVariant	暗淡黄队块	Dull Yellow Team Block
5678	TeamBlockPinkVariant	暗淡粉队块	Dull Pink Team Block
5679	TeamBlockWhiteVariant	暗淡白队块	Dull White Team Block
5680	LilacDuskHead	丁香薄暮发夹	Lilac Dusk Hairclip
5681	LilacDuskBody	丁香薄暮连衣裙	Lilac Dusk Dress
5682	LilacDuskLegs	丁香薄暮短裙	Lilac Dusk Skirt
5683	KazzymodusHood	卡兹默德斯兜帽	Kazzymodus' Hood
5684	KazzymodusChestpiece	卡兹默德斯胸甲	Kazzymodus' Chestpiece
5685	KazzymodusLeggings	卡兹默德斯护腿	Kazzymodus' Leggings
5686	KazzymodusWings	卡兹默德斯之翼	Kazzymodus' Wings
5687	SlimeSpear	史莱姆长矛	Slime Spear
5688	SlimeWhip	史莱姆鞭子	Slime Whip
5689	FeywoodBathtub	仙林浴缸	Feywood Bathtub
5690	FeywoodBed	仙林床	Feywood Bed
5691	FeywoodBookcase	仙林书架	Feywood Bookcase
5692	FeywoodDresser	仙林梳妆台	Feywood Dresser
5693	FeywoodCandelabra	仙林烛台	Feywood Candelabra
5694	FeywoodCandle	仙林蜡烛	Feywood Candle
5695	FeywoodChair	仙林椅	Feywood Chair
5696	FeywoodChandelier	仙林吊灯	Feywood Chandelier
5697	FeywoodChest	仙林箱	Feywood Chest
5698	FeywoodClock	仙林钟	Feywood Clock
5699	FeywoodDoor	仙林门	Feywood Door
5700	FeywoodLamp	仙林灯	Feywood Lamp
5701	FeywoodLantern	仙林提灯	Feywood Lantern
5702	FeywoodPiano	仙林钢琴	Feywood Piano
5703	FeywoodPlatform	仙林平台	Feywood Platform
5704	FeywoodSink	仙林水槽	Feywood Sink
5705	FeywoodSofa	仙林沙发	Feywood Sofa
5706	FeywoodTable	仙林桌	Feywood Table
5707	FeywoodWorkbench	仙林工作台	Feywood Work Bench
5708	Fake_FeywoodChest	仙林陷阱箱	Trapped Feywood Chest
5709	FeywoodToilet	仙林马桶	Feywood Toilet
5710	Feywood	仙林	Feywood
5711	FeywoodWall	仙林墙	Feywood Wall
5712	HallowedBathtub	神圣浴缸	Hallowed Bathtub
5713	HallowedBed	神圣床	Hallowed Bed
5714	HallowedBookcase	神圣书架	Hallowed Bookcase
5715	HallowedDresser	神圣梳妆台	Hallowed Dresser
5716	HallowedCandelabra	神圣烛台	Hallowed Candelabra
5717	HallowedCandle	神圣蜡烛	Hallowed Candle
5718	HallowedChair	神圣椅	Hallowed Chair
5719	HallowedChandelier	神圣吊灯	Hallowed Chandelier
5720	HallowedFurnitureChest	华丽神圣箱	Fancy Hallowed Chest
5721	HallowedClock	神圣钟	Hallowed Clock
5722	HallowedDoor	神圣门	Hallowed Door
5723	HallowedLamp	神圣灯	Hallowed Lamp
5724	HallowedLantern	神圣提灯	Hallowed Lantern
5725	HallowedPiano	神圣钢琴	Hallowed Piano
5726	HallowedPlatform	神圣平台	Hallowed Platform
5727	HallowedSink	神圣水槽	Hallowed Sink
5728	HallowedSofa	神圣沙发	Hallowed Sofa
5729	HallowedTable	神圣桌	Hallowed Table
5730	HallowedWorkbench	神圣工作台	Hallowed Work Bench
5731	Fake_HallowedFurnitureChest	华丽神圣陷阱箱	Trapped Fancy Hallowed Chest
5732	HallowedToilet	神圣马桶	Hallowed Toilet
5733	HallowedBrick	神圣砖	Hallowed Brick
5734	HallowedBrickWall	神圣砖墙	Hallowed Brick Wall
5735	PalworldPalMetalArmorBody	帕鲁金属胸甲	Pal Metal Chestplate
5736	PalworldPalMetalArmorLegs	帕鲁金属护腿	Pal Metal Leggings
5737	ChippysWingsInactive	奇比的斗篷（未激活）	Chippy's Cloak (Inactive)
5738	RemoteControlCar	墙上飞车	Wall Racer Car
5739	GothicBathtub	哥特浴缸	Gothic Bathtub
5740	GothicBed	哥特床	Gothic Bed
5741	GothicDresser	哥特梳妆台	Gothic Dresser
5742	GothicCandelabra	哥特烛台	Gothic Candelabra
5743	GothicCandle	哥特蜡烛	Gothic Candle
5744	GothicChandelier	哥特吊灯	Gothic Chandelier
5745	GothicChest	哥特箱	Gothic Chest
5746	GothicClock	哥特钟	Gothic Clock
5747	GothicDoor	哥特门	Gothic Door
5748	GothicLamp	哥特灯	Gothic Lamp
5749	GothicLantern	哥特提灯	Gothic Lantern
5750	GothicPiano	哥特钢琴	Gothic Piano
5751	GothicPlatform	哥特平台	Gothic Platform
5752	GothicSink	哥特水槽	Gothic Sink
5753	GothicSofa	哥特沙发	Gothic Sofa
5754	Fake_GothicChest	哥特陷阱箱	Trapped Gothic Chest
5755	GothicToilet	哥特马桶	Gothic Toilet
5756	DemoniteBathtub	恶魔浴缸	Demonite Bathtub
5757	DemoniteBed	恶魔床	Demonite Bed
5758	DemoniteBookcase	恶魔书架	Demonite Bookcase
5759	DemoniteCandelabra	恶魔烛台	Demonite Candelabra
5760	DemoniteCandle	恶魔蜡烛	Demonite Candle
5761	DemoniteChair	恶魔椅	Demonite Chair
5762	DemoniteChandelier	恶魔吊灯	Demonite Chandelier
5763	DemoniteChest	恶魔箱	Demonite Chest
5764	DemoniteClock	恶魔钟	Demonite Clock
5765	DemoniteDoor	恶魔门	Demonite Door
5766	DemoniteDresser	恶魔梳妆台	Demonite Dresser
5767	DemoniteLamp	恶魔灯	Demonite Lamp
5768	DemoniteLantern	恶魔提灯	Demonite Lantern
5769	DemonitePiano	恶魔钢琴	Demonite Piano
5770	DemonitePlatform	恶魔平台	Demonite Platform
5771	DemoniteSink	恶魔水槽	Demonite Sink
5772	DemoniteSofa	恶魔沙发	Demonite Sofa
5773	DemoniteTable	恶魔桌	Demonite Table
5774	DemoniteToilet	恶魔马桶	Demonite Toilet
5775	DemoniteWorkbench	恶魔工作台	Demonite Work Bench
5776	Fake_DemoniteChest	恶魔陷阱箱	Trapped Demonite Chest
5777	CrimtaneBathtub	猩红浴缸	Crimtane Bathtub
5778	CrimtaneBed	猩红床	Crimtane Bed
5779	CrimtaneBookcase	猩红书架	Crimtane Bookcase
5780	CrimtaneCandelabra	猩红烛台	Crimtane Candelabra
5781	CrimtaneCandle	猩红蜡烛	Crimtane Candle
5782	CrimtaneChair	猩红椅	Crimtane Chair
5783	CrimtaneChandelier	猩红吊灯	Crimtane Chandelier
5784	CrimtaneChest	猩红箱	Crimtane Chest
5785	CrimtaneClock	猩红钟	Crimtane Clock
5786	CrimtaneDoor	猩红门	Crimtane Door
5787	CrimtaneDresser	猩红梳妆台	Crimtane Dresser
5788	CrimtaneLamp	猩红灯	Crimtane Lamp
5789	CrimtaneLantern	猩红提灯	Crimtane Lantern
5790	CrimtanePiano	猩红钢琴	Crimtane Piano
5791	CrimtanePlatform	猩红平台	Crimtane Platform
5792	CrimtaneSink	猩红水槽	Crimtane Sink
5793	CrimtaneSofa	猩红沙发	Crimtane Sofa
5794	CrimtaneTable	猩红桌	Crimtane Table
5795	CrimtaneToilet	猩红马桶	Crimtane Toilet
5796	CrimtaneWorkbench	猩红工作台	Crimtane Work Bench
5797	Fake_CrimtaneChest	猩红陷阱箱	Trapped Crimtane Chest
5798	SnowBathtub	雪域浴缸	Snow Bathtub
5799	SnowBed	雪域床	Snow Bed
5800	SnowBookcase	雪域书架	Snow Bookcase
5801	SnowCandelabra	雪域烛台	Snow Candelabra
5802	SnowCandle	雪域蜡烛	Snow Candle
5803	SnowChair	雪域椅	Snow Chair
5804	SnowChandelier	雪域吊灯	Snow Chandelier
5805	SnowChest	雪域箱	Snow Chest
5806	SnowClock	雪域钟	Snow Clock
5807	SnowDoor	雪域门	Snow Door
5808	SnowDresser	雪域梳妆台	Snow Dresser
5809	SnowLamp	雪域灯	Snow Lamp
5810	SnowLantern	雪域提灯	Snow Lantern
5811	SnowPiano	雪域钢琴	Snow Piano
5812	SnowPlatform	雪域平台	Snow Platform
5813	SnowSink	雪域水槽	Snow Sink
5814	SnowSofa	雪域沙发	Snow Sofa
5815	SnowTable	雪域桌	Snow Table
5816	SnowToilet	雪域马桶	Snow Toilet
5817	SnowWorkbench	雪域工作台	Snow Work Bench
5818	Fake_SnowChest	雪域陷阱箱	Trapped Snow Chest
5819	FlinxFurBathtub	小雪怪皮浴缸	Flinx Fur Bathtub
5820	FlinxFurBed	小雪怪皮床	Flinx Fur Bed
5821	FlinxFurBookcase	小雪怪皮书架	Flinx Fur Bookcase
5822	FlinxFurCandelabra	小雪怪皮烛台	Flinx Fur Candelabra
5823	FlinxFurCandle	小雪怪皮蜡烛	Flinx Fur Candle
5824	FlinxFurChair	小雪怪皮椅	Flinx Fur Chair
5825	FlinxFurChandelier	小雪怪皮吊灯	Flinx Fur Chandelier
5826	FlinxFurChest	小雪怪皮箱	Flinx Fur Chest
5827	FlinxFurClock	小雪怪皮钟	Flinx Fur Clock
5828	FlinxFurDoor	小雪怪皮门	Flinx Fur Door
5829	FlinxFurDresser	小雪怪皮梳妆台	Flinx Fur Dresser
5830	FlinxFurLamp	小雪怪皮灯	Flinx Fur Lamp
5831	FlinxFurLantern	小雪怪皮提灯	Flinx Fur Lantern
5832	FlinxFurPiano	小雪怪皮钢琴	Flinx Fur Piano
5833	FlinxFurPlatform	小雪怪皮平台	Flinx Fur Platform
5834	FlinxFurSink	小雪怪皮水槽	Flinx Fur Sink
5835	FlinxFurSofa	小雪怪皮沙发	Flinx Fur Sofa
5836	FlinxFurTable	小雪怪皮桌	Flinx Fur Table
5837	FlinxFurToilet	小雪怪皮马桶	Flinx Fur Toilet
5838	FlinxFurWorkbench	小雪怪皮工作台	Flinx Fur Work Bench
5839	Fake_FlinxFurChest	小雪怪皮陷阱箱	Trapped Flinx Fur Chest
5840	PineBathtub	松木浴缸	Pine Bathtub
5841	PineBed	松木床	Pine Bed
5842	PineBookcase	松木书架	Pine Bookcase
5843	PineCandelabra	松木烛台	Pine Candelabra
5844	PineCandle	松木蜡烛	Pine Candle
5845	PineChandelier	松木吊灯	Pine Chandelier
5846	PineChest	松木箱	Pine Chest
5847	PineClock	松木钟	Pine Clock
5848	PineDresser	松木梳妆台	Pine Dresser
5849	PineLamp	松木灯	Pine Lamp
5850	PineLantern	松木提灯	Pine Lantern
5851	PinePiano	松木钢琴	Pine Piano
5852	PinePlatform	松木平台	Pine Platform
5853	PineSink	松木水槽	Pine Sink
5854	PineSofa	松木沙发	Pine Sofa
5855	PineToilet	松木马桶	Pine Toilet
5856	PineWorkbench	松木工作台	Pine Work Bench
5857	Fake_PineChest	松木陷阱箱	Trapped Pine Chest
5858	EasterBathtub	复活节浴缸	Easter Bathtub
5859	EasterBed	复活节床	Easter Bed
5860	EasterBookcase	复活节书架	Easter Bookcase
5861	EasterCandelabra	复活节烛台	Easter Candelabra
5862	EasterCandle	复活节蜡烛	Easter Candle
5863	EasterChair	复活节椅	Easter Chair
5864	EasterChandelier	复活节吊灯	Easter Chandelier
5865	EasterChest	复活节箱	Easter Chest
5866	EasterClock	复活节钟	Easter Clock
5867	EasterDoor	复活节门	Easter Door
5868	EasterDresser	复活节梳妆台	Easter Dresser
5869	EasterLamp	复活节灯	Easter Lamp
5870	EasterLantern	复活节提灯	Easter Lantern
5871	EasterPiano	复活节钢琴	Easter Piano
5872	EasterPlatform	复活节平台	Easter Platform
5873	EasterSink	复活节水槽	Easter Sink
5874	EasterSofa	复活节沙发	Easter Sofa
5875	EasterTable	复活节桌	Easter Table
5876	EasterToilet	复活节马桶	Easter Toilet
5877	EasterWorkbench	复活节工作台	Easter Work Bench
5878	Fake_EasterChest	复活节陷阱箱	Trapped Easter Chest
5879	StoneBathtub	石浴缸	Stone Bathtub
5880	StoneBed	石床	Stone Bed
5881	StoneBookcase	石书架	Stone Bookcase
5882	StoneCandelabra	石烛台	Stone Candelabra
5883	StoneCandle	石蜡烛	Stone Candle
5884	StoneChair	石椅	Stone Chair
5885	StoneChandelier	石吊灯	Stone Chandelier
5886	StoneChest	石箱	Stone Chest
5887	StoneClock	石钟	Stone Clock
5888	StoneDresser	石梳妆台	Stone Dresser
5889	StoneLamp	石灯	Stone Lamp
5890	StoneLantern	石提灯	Stone Lantern
5891	StonePiano	石钢琴	Stone Piano
5892	StoneSink	石水槽	Stone Sink
5893	StoneSofa	石沙发	Stone Sofa
5894	StoneTable	石桌	Stone Table
5895	StoneToilet	石马桶	Stone Toilet
5896	StoneWorkbench	石工作台	Stone Work Bench
5897	Fake_StoneChest	石陷阱箱	Trapped Stone Chest
5898	JellyfishBathtub	水母浴缸	Jellyfish Bathtub
5899	JellyfishBed	水母床	Jellyfish Bed
5900	JellyfishBookcase	水母书架	Jellyfish Bookcase
5901	JellyfishCandelabra	水母烛台	Jellyfish Candelabra
5902	JellyfishCandle	水母蜡烛	Jellyfish Candle
5903	JellyfishChair	水母椅	Jellyfish Chair
5904	JellyfishChandelier	水母吊灯	Jellyfish Chandelier
5905	JellyfishChest	水母箱	Jellyfish Chest
5906	JellyfishClock	水母钟	Jellyfish Clock
5907	JellyfishDoor	水母门	Jellyfish Door
5908	JellyfishDresser	水母梳妆台	Jellyfish Dresser
5909	JellyfishLamp	水母灯	Jellyfish Lamp
5910	JellyfishLantern	水母提灯	Jellyfish Lantern
5911	JellyfishPiano	水母钢琴	Jellyfish Piano
5912	JellyfishPlatform	水母平台	Jellyfish Platform
5913	JellyfishSink	水母水槽	Jellyfish Sink
5914	JellyfishSofa	水母沙发	Jellyfish Sofa
5915	JellyfishTable	水母桌	Jellyfish Table
5916	JellyfishToilet	水母马桶	Jellyfish Toilet
5917	JellyfishWorkbench	水母工作台	Jellyfish Work Bench
5918	Fake_JellyfishChest	水母陷阱箱	Trapped Jellyfish Chest
5919	PineTreeBlockWall	松树墙	Pine Tree Wall
5920	EasterBlock	复活节物块	Easter Block
5921	EasterBlockWall	复活节墙	Easter Wall
5922	GothicBrick	哥特砖	Gothic Brick
5923	GothicBrickWall	哥特砖墙	Gothic Brick Wall
5924	FlinxFurBlock	小雪怪皮物块	Flinx Fur Block
5925	FlinxFurBlockWall	小雪怪皮墙	Flinx Fur Wall
5926	JellyfishBlock	水母物块	Jellyfish Block
5927	JellyfishBlockWall	水母墙	Jellyfish Wall
5928	ToyBreakerBlock	玩具毁灭者砖	Toybreaker Brick
5929	PaintingRemix	再混合	Remix
5930	PineWoodBlock	松木	Pine Wood
5931	PineWoodBlockWall	松木墙	Pine Wood Wall
5932	HarpyBathtub	鹰身女妖浴缸	Harpy Bathtub
5933	HarpyBed	鹰身女妖床	Harpy Bed
5934	HarpyBookcase	鹰身女妖书架	Harpy Bookcase
5935	HarpyCandelabra	鹰身女妖烛台	Harpy Candelabra
5936	HarpyCandle	鹰身女妖蜡烛	Harpy Candle
5937	HarpyChair	鹰身女妖椅	Harpy Chair
5938	HarpyChandelier	鹰身女妖吊灯	Harpy Chandelier
5939	HarpyChest	鹰身女妖箱	Harpy Chest
5940	HarpyClock	鹰身女妖时钟	Harpy Clock
5941	HarpyDoor	鹰身女妖门	Harpy Door
5942	HarpyDresser	鹰身女妖梳妆台	Harpy Dresser
5943	HarpyLamp	鹰身女妖灯	Harpy Lamp
5944	HarpyLantern	鹰身女妖提灯	Harpy Lantern
5945	HarpyPiano	鹰身女妖钢琴	Harpy Piano
5946	HarpyPlatform	鹰身女妖平台	Harpy Platform
5947	HarpySink	鹰身女妖水槽	Harpy Sink
5948	HarpySofa	鹰身女妖沙发	Harpy Sofa
5949	HarpyTable	鹰身女妖桌	Harpy Table
5950	HarpyToilet	鹰身女妖马桶	Harpy Toilet
5951	HarpyWorkbench	鹰身女妖工作台	Harpy Work Bench
5952	Fake_HarpyChest	鹰身女妖陷阱箱	Trapped Harpy Chest
5953	HarpyBlock	鹰身女妖块	Harpy Block
5954	HarpyBlockWall	鹰身女妖墙	Harpy Wall
5955	CloudBathtub	云朵浴缸	Cloud Bathtub
5956	CloudBed	云朵床	Cloud Bed
5957	CloudBookcase	云朵书架	Cloud Bookcase
5958	CloudCandelabra	云朵烛台	Cloud Candelabra
5959	CloudCandle	云朵蜡烛	Cloud Candle
5960	CloudChair	云朵椅	Cloud Chair
5961	CloudChandelier	云朵吊灯	Cloud Chandelier
5962	CloudChest	云朵箱	Cloud Chest
5963	CloudClock	云朵时钟	Cloud Clock
5964	CloudDoor	云朵门	Cloud Door
5965	CloudDresser	云朵梳妆台	Cloud Dresser
5966	CloudLamp	云朵灯	Cloud Lamp
5967	CloudLantern	云朵提灯	Cloud Lantern
5968	CloudPiano	云朵钢琴	Cloud Piano
5969	CloudSink	云朵水槽	Cloud Sink
5970	CloudSofa	云朵沙发	Cloud Sofa
5971	CloudTable	云朵桌	Cloud Table
5972	CloudToilet	云朵马桶	Cloud Toilet
5973	CloudWorkbench	云朵工作台	Cloud Work Bench
5974	Fake_CloudChest	云朵陷阱箱	Trapped Cloud Chest
5975	MoonplateBathtub	暮色浴缸	Duskware Bathtub
5976	MoonplateBed	暮色床	Duskware Bed
5977	MoonplateBookcase	暮色书架	Duskware Bookcase
5978	MoonplateCandelabra	暮色烛台	Duskware Candelabra
5979	MoonplateCandle	暮色蜡烛	Duskware Candle
5980	MoonplateChair	暮色椅	Duskware Chair
5981	MoonplateChandelier	暮色吊灯	Duskware Chandelier
5982	MoonplateChest	暮色箱	Duskware Chest
5983	MoonplateClock	暮色时钟	Duskware Clock
5984	MoonplateDoor	暮色门	Duskware Door
5985	MoonplateDresser	暮色梳妆台	Duskware Dresser
5986	MoonplateLamp	暮色灯	Duskware Lamp
5987	MoonplateLantern	暮色提灯	Duskware Lantern
5988	MoonplatePiano	暮色钢琴	Duskware Piano
5989	MoonplatePlatform	暮色平台	Duskware Platform
5990	MoonplateSink	暮色水槽	Duskware Sink
5991	MoonplateSofa	暮色沙发	Duskware Sofa
5992	MoonplateTable	暮色桌	Duskware Table
5993	MoonplateToilet	暮色马桶	Duskware Toilet
5994	MoonplateWorkbench	暮色工作台	Duskware Work Bench
5995	Fake_MoonplateChest	暮色陷阱箱	Trapped Duskware Chest
5996	MoonplateBlock	月盘块	Moonplate Block
5997	MoonplateBlockWall	新月墙	Crescent Wall
5998	LibrarianBathtub	图书管理员浴缸	Librarian Bathtub
5999	LibrarianBed	图书管理员床	Librarian Bed
6000	LibrarianBookcase	图书管理员书架	Librarian Bookcase
6001	LibrarianCandelabra	图书管理员烛台	Librarian Candelabra
6002	LibrarianCandle	图书管理员蜡烛	Librarian Candle
6003	LibrarianChair	图书管理员椅	Librarian Chair
6004	LibrarianChandelier	图书管理员吊灯	Librarian Chandelier
6005	LibrarianChest	图书管理员箱	Librarian Chest
6006	LibrarianClock	图书管理员时钟	Librarian Clock
6007	LibrarianDoor	图书管理员门	Librarian Door
6008	LibrarianDresser	图书管理员梳妆台	Librarian Dresser
6009	LibrarianLamp	图书管理员灯	Librarian Lamp
6010	LibrarianLantern	图书管理员提灯	Librarian Lantern
6011	LibrarianPiano	图书管理员钢琴	Librarian Piano
6012	LibrarianPlatform	图书管理员平台	Librarian Platform
6013	LibrarianSink	图书管理员水槽	Librarian Sink
6014	LibrarianSofa	图书管理员沙发	Librarian Sofa
6015	LibrarianTable	图书管理员桌	Librarian Table
6016	LibrarianToilet	图书管理员马桶	Librarian Toilet
6017	LibrarianWorkbench	图书管理员工作台	Librarian Work Bench
6018	Fake_LibrarianChest	图书管理员陷阱箱	Trapped Librarian Chest
6019	LibrarianBlock	图书管理员块	Librarian Block
6020	LibrarianBlockWall	图书管理员墙	Librarian Wall
6021	SpikeBathtub	尖刺浴缸	Spike Bathtub
6022	SpikeBed	尖刺床	Spike Bed
6023	SpikeBookcase	尖刺书架	Spike Bookcase
6024	SpikeCandelabra	尖刺烛台	Spike Candelabra
6025	SpikeCandle	尖刺蜡烛	Spike Candle
6026	SpikeChair	尖刺椅	Spike Chair
6027	SpikeChandelier	尖刺吊灯	Spike Chandelier
6028	SpikeChest	尖刺箱	Spike Chest
6029	SpikeClock	尖刺时钟	Spike Clock
6030	SpikeDoor	尖刺门	Spike Door
6031	SpikeDresser	尖刺梳妆台	Spike Dresser
6032	SpikeLamp	尖刺灯	Spike Lamp
6033	SpikeLantern	尖刺提灯	Spike Lantern
6034	SpikePiano	尖刺钢琴	Spike Piano
6035	SpikePlatform	尖刺平台	Spike Platform
6036	SpikeSink	尖刺水槽	Spike Sink
6037	SpikeSofa	尖刺沙发	Spike Sofa
6038	SpikeTable	尖刺桌	Spike Table
6039	SpikeToilet	尖刺马桶	Spike Toilet
6040	SpikeWorkbench	尖刺工作台	Spike Work Bench
6041	Fake_SpikeChest	尖刺陷阱箱	Trapped Spike Chest
6042	SpikeBlock	尖刺块	Spike Block
6043	SpikeBlockWall	尖刺墙	Spike Wall
6044	OfficeBathtub	办公浴缸	Office Bathtub
6045	OfficeBed	办公床	Office Bed
6046	OfficeBookcase	办公书架	Office Bookcase
6047	OfficeCandelabra	办公烛台	Office Candelabra
6048	OfficeCandle	办公蜡烛	Office Candle
6049	OfficeChair	办公椅	Office Chair
6050	OfficeChandelier	办公吊灯	Office Chandelier
6051	OfficeChest	办公箱	Office Chest
6052	OfficeClock	办公时钟	Office Clock
6053	OfficeDoor	办公门	Office Door
6054	OfficeDresser	办公梳妆台	Office Dresser
6055	OfficeLamp	办公灯	Office Lamp
6056	OfficeLantern	办公提灯	Office Lantern
6057	OfficePiano	办公钢琴	Office Piano
6058	OfficePlatform	办公平台	Office Platform
6059	OfficeSink	办公水槽	Office Sink
6060	OfficeSofa	办公沙发	Office Sofa
6061	OfficeTable	办公桌	Office Table
6062	OfficeToilet	办公马桶	Office Toilet
6063	OfficeWorkbench	办公工作台	Office Work Bench
6064	Fake_OfficeChest	办公陷阱箱	Trapped Office Chest
6065	OfficeBlock	办公块	Office Block
6066	OfficeBlockWall	办公墙	Office Wall
6067	ForbiddenBathtub	禁戒浴缸	Forbidden Bathtub
6068	ForbiddenBed	禁戒床	Forbidden Bed
6069	ForbiddenBookcase	禁戒书架	Forbidden Bookcase
6070	ForbiddenCandelabra	禁戒烛台	Forbidden Candelabra
6071	ForbiddenCandle	禁戒蜡烛	Forbidden Candle
6072	ForbiddenChair	禁戒椅	Forbidden Chair
6073	ForbiddenChandelier	禁戒吊灯	Forbidden Chandelier
6074	ForbiddenChest	禁戒箱	Forbidden Chest
6075	ForbiddenClock	禁戒时钟	Forbidden Clock
6076	ForbiddenDoor	禁戒门	Forbidden Door
6077	ForbiddenDresser	禁戒梳妆台	Forbidden Dresser
6078	ForbiddenLamp	禁戒灯	Forbidden Lamp
6079	ForbiddenLantern	禁戒提灯	Forbidden Lantern
6080	ForbiddenPiano	禁戒钢琴	Forbidden Piano
6081	ForbiddenPlatform	禁戒平台	Forbidden Platform
6082	ForbiddenSink	禁戒水槽	Forbidden Sink
6083	ForbiddenSofa	禁戒沙发	Forbidden Sofa
6084	ForbiddenTable	禁戒桌	Forbidden Table
6085	ForbiddenToilet	禁戒马桶	Forbidden Toilet
6086	ForbiddenWorkbench	禁戒工作台	Forbidden Work Bench
6087	Fake_ForbiddenChest	禁戒陷阱箱	Trapped Forbidden Chest
6088	ForbiddenBlock	禁戒块	Forbidden Block
6089	ForbiddenBlockWall	禁戒墙	Forbidden Wall
6090	WaterBathtub	水族浴缸	Aquarium Bathtub
6091	WaterBed	水族床	Aquarium Bed
6092	WaterBookcase	水族书架	Aquarium Bookcase
6093	WaterCandelabra	水族烛台	Aquarium Candelabra
6094	WaterFurnitureCandle	水族蜡烛	Aquarium Candle
6095	WaterChair	水族椅	Aquarium Chair
6096	WaterChandelier	水族吊灯	Aquarium Chandelier
6097	WaterClock	水族时钟	Aquarium Clock
6098	WaterDoor	水族门	Aquarium Door
6099	WaterDresser	水族梳妆台	Aquarium Dresser
6100	WaterLamp	水族灯	Aquarium Lamp
6101	WaterLantern	水族提灯	Aquarium Lantern
6102	WaterPiano	水族钢琴	Aquarium Piano
6103	WaterPlatform	水族平台	Aquarium Platform
6104	WaterSink	水族水槽	Aquarium Sink
6105	WaterSofa	水族沙发	Aquarium Sofa
6106	WaterTable	水族桌	Aquarium Table
6107	WaterToilet	水族马桶	Aquarium Toilet
6108	WaterWorkbench	水族工作台	Aquarium Work Bench
6109	WaterBlock	水族块	Aquarium Block
6110	WaterBlockWall	水族墙	Aquarium Wall
6111	BoulderBathtub	巨石浴缸	Boulder Bathtub
6112	BoulderBed	巨石床	Boulder Bed
6113	BoulderBookcase	巨石书架	Boulder Bookcase
6114	BoulderCandelabra	巨石烛台	Boulder Candelabra
6115	BoulderCandle	巨石蜡烛	Boulder Candle
6116	BoulderChair	巨石椅	Boulder Chair
6117	BoulderChandelier	巨石吊灯	Boulder Chandelier
6118	BoulderChest	巨石箱	Boulder Chest
6119	BoulderClock	巨石时钟	Boulder Clock
6120	BoulderDoor	巨石门	Boulder Door
6121	BoulderDresser	巨石梳妆台	Boulder Dresser
6122	BoulderLamp	巨石灯	Boulder Lamp
6123	BoulderLantern	巨石提灯	Boulder Lantern
6124	BoulderPiano	巨石钢琴	Boulder Piano
6125	BoulderPlatform	巨石平台	Boulder Platform
6126	BoulderSink	巨石水槽	Boulder Sink
6127	BoulderSofa	巨石沙发	Boulder Sofa
6128	BoulderTable	巨石桌	Boulder Table
6129	BoulderToilet	巨石马桶	Boulder Toilet
6130	BoulderWorkbench	巨石工作台	Boulder Work Bench
6131	Fake_BoulderChest	巨石陷阱箱	Trapped Boulder Chest
6132	BoulderBlock	巨石块	Boulder Block
6133	BoulderBlockWall	巨石墙	Boulder Wall
6134	DamagingSpikeBlock	锋利尖刺块	Sharp Spike Block
6135	DemonAltarIcon	{$ItemName.DemonAltar}	{$ItemName.DemonAltar}
6136	CrimsonAltarIcon	{$ItemName.CrimsonAltar}	{$ItemName.CrimsonAltar}
6137	LunasHead	露娜的符文妖精兜帽	Luna's Runic Pixie Hood
6138	LunasBody	露娜的符文妖精上衣	Luna's Runic Pixie Shirt
6139	LunasLegs	露娜的符文妖精裤子	Luna's Runic Pixie Pants
6140	LunasWings	露娜的符文妖精翅膀	Luna's Runic Pixie Wings
6141	LunasCloak	露娜的符文妖精斗篷	Luna's Runic Pixie Cloak
6142	PalworldChilletEgg	巨型龙蛋	Huge Dragon Egg
6143	FoxparksTagEffect	FoxparksTagEffect	FoxparksTagEffect
6144	MusicBoxSkeletron	八音盒（骷髅王）	Music Box (Skeletron)
6145	MusicBoxRainbowBoulder	Music Box (Rainbow Boulder)	Music Box (Rainbow Boulder)
6146	MusicBoxSilence	Music Box (Silence)	Music Box (Silence)
